TOTAL_BORN,CAT,Resta_Estat,Estranger,DTE,SC,CAT_pct,Resta_Estat_pct,Estranger_pct,NascutsRestaEstat_Votants_ratio
1323.0,418.0,235.0,670.0,1,1,31.59,17.76,50.64,35.987748851454825
1622.0,424.0,179.0,1019.0,1,2,26.14,11.04,62.82,29.684908789386398
3454.0,1302.0,404.0,1748.0,1,3,37.7,11.7,50.61,23.681125439624854
2906.0,1014.0,370.0,1522.0,1,4,34.89,12.73,52.37,26.734104046242773
2506.0,792.0,325.0,1389.0,1,5,31.6,12.97,55.43,29.09579230080573
1661.0,443.0,183.0,1035.0,1,6,26.67,11.02,62.31,29.233226837060705
2097.0,604.0,203.0,1290.0,1,7,28.8,9.68,61.52,25.154894671623296
3324.0,880.0,310.0,2134.0,1,8,26.47,9.33,64.2,26.05042016806723
2165.0,668.0,253.0,1244.0,1,9,30.85,11.69,57.46,27.47014115092291
2504.0,656.0,203.0,1645.0,1,10,26.2,8.11,65.69,23.63213038416764
3230.0,893.0,230.0,2107.0,1,11,27.65,7.12,65.23,20.480854853072127
1908.0,623.0,202.0,1083.0,1,12,32.65,10.59,56.76,24.484848484848484
1405.0,560.0,166.0,679.0,1,13,39.86,11.81,48.33,22.865013774104685
2010.0,629.0,204.0,1177.0,1,14,31.29,10.15,58.56,24.489795918367346
2356.0,695.0,252.0,1409.0,1,15,29.5,10.7,59.8,26.610348468848997
2208.0,590.0,181.0,1437.0,1,16,26.72,8.2,65.08,23.476005188067443
2619.0,699.0,209.0,1711.0,1,17,26.69,7.98,65.33,23.017621145374452
1657.0,568.0,155.0,934.0,1,18,34.28,9.35,56.37,21.43845089903181
2870.0,807.0,306.0,1757.0,1,19,28.12,10.66,61.22,27.49326145552561
2127.0,856.0,303.0,968.0,1,20,40.24,14.25,45.51,26.143226919758412
2034.0,720.0,327.0,987.0,1,21,35.4,16.08,48.53,31.23209169054441
1263.0,555.0,163.0,545.0,1,22,43.94,12.91,43.15,22.701949860724234
1983.0,790.0,281.0,912.0,1,23,39.84,14.17,45.99,26.23716153127918
1262.0,485.0,132.0,645.0,1,25,38.43,10.46,51.11,21.39384116693679
2653.0,847.0,309.0,1497.0,1,26,31.93,11.65,56.43,26.73010380622837
1659.0,583.0,217.0,859.0,1,27,35.14,13.08,51.78,27.125
1870.0,647.0,228.0,995.0,1,28,34.6,12.19,53.21,26.057142857142857
1415.0,381.0,158.0,876.0,1,29,26.93,11.17,61.91,29.313543599257883
2500.0,862.0,363.0,1275.0,1,30,34.48,14.52,51.0,29.632653061224488
1635.0,408.0,210.0,1017.0,1,31,24.95,12.84,62.2,33.980582524271846
1775.0,760.0,253.0,762.0,1,32,42.82,14.25,42.93,24.975320829220138
1132.0,487.0,150.0,495.0,1,33,43.02,13.25,43.73,23.547880690737834
970.0,403.0,134.0,433.0,1,34,41.55,13.81,44.64,24.953445065176908
1328.0,498.0,211.0,619.0,1,35,37.5,15.89,46.61,29.760225669957684
1196.0,698.0,180.0,318.0,1,36,58.36,15.05,26.59,20.50113895216401
1485.0,861.0,212.0,412.0,1,37,57.98,14.28,27.74,19.757688723205966
1495.0,533.0,182.0,780.0,1,38,35.65,12.17,52.17,25.454545454545453
1305.0,681.0,168.0,456.0,1,39,52.18,12.87,34.94,19.78798586572438
1105.0,467.0,116.0,522.0,1,40,42.26,10.5,47.24,19.897084048027445
1515.0,528.0,192.0,795.0,1,41,34.85,12.67,52.48,26.666666666666668
1795.0,1025.0,298.0,472.0,1,42,57.1,16.6,26.3,22.52456538170824
1544.0,651.0,208.0,685.0,1,43,42.16,13.47,44.37,24.214202561117578
1513.0,664.0,195.0,654.0,1,44,43.89,12.89,43.23,22.700814901047732
1985.0,697.0,285.0,1003.0,1,45,35.11,14.36,50.53,29.022403258655803
1754.0,597.0,247.0,910.0,1,46,34.04,14.08,51.88,29.265402843601894
1812.0,599.0,253.0,960.0,1,47,33.06,13.96,52.98,29.694835680751176
2159.0,732.0,300.0,1127.0,1,48,33.9,13.9,52.2,29.069767441860467
1544.0,628.0,186.0,730.0,1,49,40.67,12.05,47.28,22.85012285012285
1609.0,585.0,220.0,804.0,1,50,36.36,13.67,49.97,27.32919254658385
1865.0,635.0,210.0,1020.0,1,51,34.05,11.26,54.69,24.85207100591716
2585.0,963.0,302.0,1320.0,1,52,37.25,11.68,51.06,23.873517786561266
1899.0,745.0,307.0,847.0,1,53,39.23,16.17,44.6,29.182509505703425
1343.0,469.0,226.0,648.0,1,54,34.92,16.83,48.25,32.51798561151079
1311.0,657.0,274.0,380.0,1,55,50.11,20.9,28.99,29.430719656283564
1285.0,703.0,216.0,366.0,2,1,54.71,16.81,28.48,23.5038084874864
2403.0,1138.0,390.0,875.0,2,2,47.36,16.23,36.41,25.523560209424083
1293.0,725.0,252.0,316.0,2,3,56.07,19.49,24.44,25.79324462640737
1504.0,754.0,253.0,497.0,2,4,50.13,16.82,33.05,25.12413108242304
2086.0,1339.0,332.0,415.0,2,5,64.19,15.92,19.89,19.868342309994016
1635.0,985.0,239.0,411.0,2,6,60.24,14.62,25.14,19.526143790849673
1265.0,753.0,195.0,317.0,2,7,59.53,15.42,25.06,20.569620253164558
1821.0,1123.0,277.0,421.0,2,8,61.67,15.21,23.12,19.78571428571429
1781.0,1004.0,311.0,466.0,2,9,56.37,17.46,26.17,23.650190114068444
1205.0,725.0,183.0,297.0,2,10,60.17,15.19,24.65,20.154185022026432
1102.0,686.0,243.0,173.0,2,11,62.25,22.05,15.7,26.157158234660926
1587.0,829.0,255.0,503.0,2,12,52.24,16.07,31.7,23.5239852398524
1145.0,611.0,175.0,359.0,2,13,53.36,15.28,31.35,22.264631043256998
1351.0,646.0,192.0,513.0,2,14,47.82,14.21,37.97,22.911694510739856
1471.0,799.0,216.0,456.0,2,15,54.32,14.68,31.0,21.2807881773399
1910.0,1142.0,308.0,460.0,2,16,59.79,16.13,24.08,21.241379310344826
2000.0,1222.0,295.0,483.0,2,17,61.1,14.75,24.15,19.44627554383652
1876.0,1140.0,281.0,455.0,2,18,60.77,14.98,24.25,19.774806474313863
1924.0,1099.0,323.0,502.0,2,19,57.12,16.79,26.09,22.71448663853727
1404.0,736.0,216.0,452.0,2,20,52.42,15.38,32.19,22.689075630252102
1474.0,744.0,345.0,385.0,2,21,50.47,23.41,26.12,31.68044077134986
1282.0,736.0,215.0,331.0,2,22,57.41,16.77,25.82,22.60778128286015
1120.0,675.0,222.0,223.0,2,23,60.27,19.82,19.91,24.74916387959866
1089.0,559.0,201.0,329.0,2,24,51.33,18.46,30.21,26.44736842105263
1198.0,642.0,211.0,345.0,2,25,53.59,17.61,28.8,24.73622508792497
2124.0,1256.0,315.0,553.0,2,26,59.13,14.83,26.04,20.050922978994272
1958.0,1244.0,290.0,424.0,2,27,63.53,14.81,21.65,18.904823989569753
2062.0,1173.0,322.0,567.0,2,28,56.89,15.62,27.5,21.53846153846154
1191.0,698.0,210.0,283.0,2,29,58.61,17.63,23.76,23.127753303964756
1324.0,733.0,208.0,383.0,2,30,55.36,15.71,28.93,22.104144527098832
1054.0,734.0,162.0,158.0,2,31,69.64,15.37,14.99,18.080357142857142
1222.0,770.0,222.0,230.0,2,32,63.01,18.17,18.82,22.379032258064516
1156.0,664.0,191.0,301.0,2,33,57.44,16.52,26.04,22.33918128654971
1219.0,603.0,177.0,439.0,2,34,49.47,14.52,36.01,22.692307692307693
1317.0,789.0,228.0,300.0,2,35,59.91,17.31,22.78,22.418879056047196
1197.0,773.0,176.0,248.0,2,36,64.58,14.7,20.72,18.545837723919917
1226.0,838.0,182.0,206.0,2,37,68.35,14.85,16.8,17.84313725490196
1627.0,1079.0,252.0,296.0,2,38,66.32,15.49,18.19,18.933132982719762
1732.0,1006.0,258.0,468.0,2,39,58.08,14.9,27.02,20.411392405063292
1659.0,822.0,267.0,570.0,2,40,49.55,16.09,34.36,24.517906336088156
1673.0,987.0,282.0,404.0,2,41,59.0,16.86,24.15,22.22222222222222
1670.0,1105.0,314.0,251.0,2,42,66.17,18.8,15.03,22.128259337561662
1434.0,964.0,209.0,261.0,2,43,67.22,14.57,18.2,17.81756180733163
1267.0,653.0,231.0,383.0,2,44,51.54,18.23,30.23,26.131221719457017
1177.0,738.0,154.0,285.0,2,45,62.7,13.08,24.21,17.26457399103139
1864.0,1095.0,289.0,480.0,2,46,58.74,15.5,25.75,20.88150289017341
1901.0,1112.0,283.0,506.0,2,47,58.5,14.89,26.62,20.28673835125448
1250.0,641.0,182.0,427.0,2,48,51.28,14.56,34.16,22.114216281895505
2076.0,1025.0,327.0,724.0,2,49,49.37,15.75,34.87,24.186390532544376
1667.0,863.0,266.0,538.0,2,50,51.77,15.96,32.27,23.560673162090346
1906.0,976.0,275.0,655.0,2,51,51.21,14.43,34.37,21.982414068745005
1823.0,987.0,286.0,550.0,2,52,54.14,15.69,30.17,22.46661429693637
1828.0,1050.0,262.0,516.0,2,53,57.44,14.33,28.23,19.96951219512195
1884.0,1146.0,287.0,451.0,2,54,60.83,15.23,23.94,20.02791346824843
1872.0,1137.0,256.0,479.0,2,55,60.74,13.68,25.59,18.377602297200287
1458.0,853.0,225.0,380.0,2,56,58.5,15.43,26.06,20.871985157699445
1319.0,882.0,158.0,279.0,2,57,66.87,11.98,21.15,15.192307692307692
1385.0,948.0,174.0,263.0,2,58,68.45,12.56,18.99,15.508021390374333
1654.0,1069.0,186.0,399.0,2,59,64.63,11.25,24.12,14.820717131474105
1719.0,1126.0,214.0,379.0,2,60,65.5,12.45,22.05,15.970149253731345
1331.0,743.0,183.0,405.0,2,61,55.82,13.75,30.43,19.762419006479483
1554.0,952.0,188.0,414.0,2,62,61.26,12.1,26.64,16.49122807017544
1211.0,813.0,151.0,247.0,2,63,67.13,12.47,20.4,15.663900414937759
1336.0,869.0,163.0,304.0,2,64,65.04,12.2,22.75,15.794573643410853
1899.0,1107.0,250.0,542.0,2,65,58.29,13.16,28.54,18.422991893883566
1802.0,1153.0,281.0,368.0,2,66,63.98,15.59,20.42,19.595536959553698
1734.0,893.0,274.0,567.0,2,67,51.5,15.8,32.7,23.479005998286205
1640.0,942.0,213.0,485.0,2,68,57.44,12.99,29.57,18.441558441558442
1448.0,904.0,195.0,349.0,2,69,62.43,13.47,24.1,17.743403093721565
1319.0,802.0,180.0,337.0,2,70,60.8,13.65,25.55,18.329938900203665
1690.0,1139.0,203.0,348.0,2,71,67.4,12.01,20.59,15.12667660208644
1228.0,781.0,198.0,249.0,2,72,63.6,16.12,20.28,20.224719101123593
1710.0,986.0,234.0,490.0,2,73,57.66,13.68,28.65,19.18032786885246
1264.0,704.0,160.0,400.0,2,74,55.7,12.66,31.65,18.51851851851852
1214.0,696.0,170.0,348.0,2,75,57.33,14.0,28.67,19.630484988452658
1674.0,993.0,204.0,477.0,2,76,59.32,12.19,28.49,17.042606516290725
1529.0,764.0,214.0,551.0,2,77,49.97,14.0,36.04,21.881390593047033
1473.0,789.0,192.0,492.0,2,78,53.56,13.03,33.4,19.571865443425075
1318.0,728.0,161.0,429.0,2,79,55.24,12.22,32.55,18.11023622047244
1459.0,900.0,192.0,367.0,2,80,61.69,13.16,25.15,17.582417582417584
2120.0,1271.0,228.0,621.0,2,81,59.95,10.75,29.29,15.210140093395596
970.0,615.0,96.0,259.0,2,82,63.4,9.9,26.7,13.502109704641349
1916.0,1112.0,209.0,595.0,2,83,58.04,10.91,31.05,15.821347464042393
2027.0,1256.0,240.0,531.0,2,84,61.96,11.84,26.2,16.0427807486631
1486.0,885.0,168.0,433.0,2,85,59.56,11.31,29.14,15.954415954415953
1478.0,914.0,183.0,381.0,2,86,61.84,12.38,25.78,16.681859617137647
1448.0,896.0,203.0,349.0,2,87,61.88,14.02,24.1,18.471337579617835
1633.0,1022.0,201.0,410.0,2,88,62.58,12.31,25.11,16.43499591169256
1879.0,1059.0,230.0,590.0,2,89,56.36,12.24,31.4,17.8432893716059
1725.0,873.0,252.0,600.0,2,90,50.61,14.61,34.78,22.400000000000002
1929.0,957.0,278.0,694.0,2,91,49.61,14.41,35.98,22.51012145748988
2005.0,909.0,252.0,844.0,2,92,45.34,12.57,42.09,21.705426356589147
1611.0,909.0,230.0,472.0,2,93,56.42,14.28,29.3,20.19315188762072
1423.0,834.0,207.0,382.0,2,94,58.61,14.55,26.84,19.88472622478386
1535.0,882.0,216.0,437.0,2,95,57.46,14.07,28.47,19.672131147540984
1411.0,760.0,211.0,440.0,2,96,53.86,14.95,31.18,21.73017507723996
1127.0,628.0,160.0,339.0,2,97,55.72,14.2,30.08,20.304568527918782
1540.0,873.0,181.0,486.0,2,98,56.69,11.75,31.56,17.17267552182163
1548.0,912.0,210.0,426.0,2,99,58.91,13.57,27.52,18.71657754010695
1442.0,869.0,223.0,350.0,2,100,60.26,15.46,24.27,20.42124542124542
2133.0,1248.0,321.0,564.0,2,101,58.51,15.05,26.44,20.45889101338432
1423.0,975.0,185.0,263.0,2,102,68.52,13.0,18.48,15.948275862068966
1706.0,941.0,283.0,482.0,2,103,55.16,16.59,28.25,23.12091503267974
1162.0,757.0,179.0,226.0,2,104,65.15,15.4,19.45,19.12393162393162
2097.0,1204.0,272.0,621.0,2,105,57.42,12.97,29.61,18.428184281842817
1446.0,926.0,166.0,354.0,2,106,64.04,11.48,24.48,15.2014652014652
1631.0,1146.0,210.0,275.0,2,107,70.26,12.88,16.86,15.486725663716813
1638.0,1049.0,268.0,321.0,2,108,64.04,16.36,19.6,20.349278663629462
2029.0,1353.0,296.0,380.0,2,109,66.68,14.59,18.73,17.95027289266222
1929.0,1089.0,300.0,540.0,2,110,56.45,15.55,27.99,21.598272138228943
1766.0,1041.0,249.0,476.0,2,111,58.95,14.1,26.95,19.302325581395348
1383.0,923.0,233.0,227.0,2,112,66.74,16.85,16.41,20.155709342560556
2154.0,1381.0,333.0,440.0,2,113,64.11,15.46,20.43,19.42823803967328
1678.0,1020.0,279.0,379.0,2,114,60.79,16.63,22.59,21.478060046189377
1362.0,824.0,187.0,351.0,2,115,60.5,13.73,25.77,18.496538081107815
1070.0,744.0,149.0,177.0,2,116,69.53,13.93,16.54,16.685330347144458
1206.0,781.0,163.0,262.0,2,117,64.76,13.52,21.72,17.266949152542374
1502.0,948.0,214.0,340.0,2,118,63.12,14.25,22.64,18.416523235800344
1310.0,838.0,201.0,271.0,2,119,63.97,15.34,20.69,19.345524542829644
1206.0,776.0,190.0,240.0,2,120,64.34,15.75,19.9,19.66873706004141
1230.0,805.0,198.0,227.0,2,121,65.45,16.1,18.46,19.740777666999005
1096.0,696.0,173.0,227.0,2,122,63.5,15.78,20.71,19.90794016110472
1151.0,704.0,157.0,290.0,2,123,61.16,13.64,25.2,18.234610917537747
1088.0,776.0,160.0,152.0,2,124,71.32,14.71,13.97,17.094017094017094
1725.0,1140.0,257.0,328.0,2,125,66.09,14.9,19.01,18.396564065855404
1483.0,986.0,250.0,247.0,2,126,66.49,16.86,16.66,20.22653721682848
1185.0,653.0,202.0,330.0,2,127,55.11,17.05,27.85,23.625730994152047
1309.0,698.0,219.0,392.0,2,128,53.32,16.73,29.95,23.882224645583424
1515.0,838.0,306.0,371.0,2,129,55.31,20.2,24.49,26.74825174825175
1149.0,772.0,214.0,163.0,2,130,67.19,18.62,14.19,21.703853955375255
1239.0,661.0,206.0,372.0,2,131,53.35,16.63,30.02,23.760092272203
1172.0,627.0,236.0,309.0,2,132,53.5,20.14,26.37,27.346465816917732
879.0,489.0,256.0,134.0,2,133,55.63,29.12,15.24,34.36241610738255
1421.0,798.0,283.0,340.0,2,134,56.16,19.92,23.93,26.179463459759482
2111.0,1176.0,317.0,618.0,2,135,55.71,15.02,29.28,21.232417950435366
888.0,552.0,144.0,192.0,2,136,62.16,16.22,21.62,20.689655172413794
1453.0,828.0,196.0,429.0,2,137,56.99,13.49,29.53,19.140625
1942.0,1260.0,255.0,427.0,2,138,64.88,13.13,21.99,16.831683168316832
1660.0,848.0,263.0,549.0,2,139,51.08,15.84,33.07,23.672367236723673
1939.0,1185.0,281.0,473.0,2,140,61.11,14.49,24.39,19.167803547066846
1273.0,727.0,184.0,362.0,2,141,57.11,14.45,28.44,20.197585071350165
2037.0,1088.0,310.0,639.0,2,142,53.41,15.22,31.37,22.17453505007153
1301.0,757.0,168.0,376.0,2,143,58.19,12.91,28.9,18.16216216216216
1518.0,894.0,180.0,444.0,2,144,58.89,11.86,29.25,16.75977653631285
1233.0,682.0,142.0,409.0,2,145,55.31,11.52,33.17,17.233009708737864
1155.0,654.0,208.0,293.0,2,146,56.62,18.01,25.37,24.129930394431554
2167.0,1231.0,292.0,644.0,2,147,56.81,13.47,29.72,19.17268548916612
1601.0,932.0,271.0,398.0,2,148,58.21,16.93,24.86,22.52701579384871
1829.0,1032.0,257.0,540.0,2,149,56.42,14.05,29.52,19.937936384794412
1497.0,748.0,250.0,499.0,2,150,49.97,16.7,33.33,25.0501002004008
1477.0,818.0,206.0,453.0,2,151,55.38,13.95,30.67,20.1171875
1237.0,764.0,214.0,259.0,2,152,61.76,17.3,20.94,21.881390593047033
1351.0,876.0,219.0,256.0,2,153,64.84,16.21,18.95,20.0
1086.0,488.0,155.0,443.0,2,154,44.94,14.27,40.79,24.10575427682737
1870.0,1080.0,306.0,484.0,2,155,57.75,16.36,25.88,22.07792207792208
1290.0,797.0,202.0,291.0,2,156,61.78,15.66,22.56,20.22022022022022
1211.0,713.0,186.0,312.0,2,157,58.88,15.36,25.76,20.689655172413794
1617.0,997.0,269.0,351.0,2,158,61.66,16.64,21.71,21.248025276461295
1860.0,1064.0,268.0,528.0,2,159,57.2,14.41,28.39,20.12012012012012
2028.0,1225.0,297.0,506.0,2,160,60.4,14.64,24.95,19.513797634691198
1110.0,652.0,148.0,310.0,2,161,58.74,13.33,27.93,18.5
1377.0,777.0,198.0,402.0,2,162,56.43,14.38,29.19,20.307692307692307
1819.0,1038.0,282.0,499.0,2,163,57.06,15.5,27.43,21.363636363636363
1464.0,753.0,219.0,492.0,2,164,51.43,14.96,33.61,22.530864197530864
1699.0,926.0,249.0,524.0,2,165,54.5,14.66,30.84,21.19148936170213
2114.0,1168.0,307.0,639.0,2,166,55.25,14.52,30.23,20.813559322033896
2112.0,1280.0,309.0,523.0,2,167,60.61,14.63,24.76,19.44619257394588
2232.0,1231.0,354.0,647.0,2,168,55.15,15.86,28.99,22.334384858044164
1590.0,911.0,235.0,444.0,2,169,57.3,14.78,27.92,20.506108202443283
1586.0,928.0,266.0,392.0,2,170,58.51,16.77,24.72,22.278056951423785
1613.0,836.0,241.0,536.0,2,171,51.83,14.94,33.23,22.376973073351902
1637.0,883.0,229.0,525.0,2,172,53.94,13.99,32.07,20.593525179856115
1535.0,920.0,239.0,376.0,2,173,59.93,15.57,24.5,20.621225194132872
1659.0,891.0,271.0,497.0,3,1,53.71,16.34,29.96,23.32185886402754
2049.0,994.0,315.0,740.0,3,2,48.51,15.37,36.12,24.06417112299465
1705.0,758.0,192.0,755.0,3,3,44.46,11.26,44.28,20.210526315789473
1568.0,824.0,290.0,454.0,3,4,52.55,18.49,28.95,26.032315978456015
1276.0,665.0,181.0,430.0,3,5,52.12,14.18,33.7,21.39479905437352
1428.0,695.0,180.0,553.0,3,6,48.67,12.61,38.73,20.57142857142857
1706.0,834.0,283.0,589.0,3,7,48.89,16.59,34.53,25.335720680393912
1202.0,547.0,175.0,480.0,3,8,45.51,14.56,39.93,24.238227146814403
1214.0,616.0,203.0,395.0,3,9,50.74,16.72,32.54,24.786324786324787
1954.0,882.0,212.0,860.0,3,10,45.14,10.85,44.01,19.378427787934186
1787.0,735.0,183.0,869.0,3,11,41.13,10.24,48.63,19.934640522875817
2136.0,962.0,284.0,890.0,3,12,45.04,13.3,41.67,22.792937399678973
1913.0,813.0,207.0,893.0,3,13,42.5,10.82,46.68,20.294117647058822
1826.0,775.0,201.0,850.0,3,14,42.44,11.01,46.55,20.59426229508197
2994.0,1293.0,370.0,1331.0,3,15,43.19,12.36,44.46,22.248947684906796
1205.0,471.0,150.0,584.0,3,16,39.09,12.45,48.46,24.154589371980677
1641.0,656.0,215.0,770.0,3,17,39.98,13.1,46.92,24.68427095292767
1749.0,837.0,275.0,637.0,3,18,47.86,15.72,36.42,24.730215827338128
1503.0,613.0,234.0,656.0,3,19,40.79,15.57,43.65,27.62691853600944
1185.0,621.0,296.0,268.0,3,20,52.41,24.98,22.62,32.279171210468924
1147.0,653.0,248.0,246.0,3,21,56.93,21.62,21.45,27.524972253052166
1481.0,755.0,260.0,466.0,3,22,50.98,17.56,31.47,25.615763546798032
1968.0,917.0,275.0,776.0,3,23,46.6,13.97,39.43,23.070469798657715
2062.0,1041.0,282.0,739.0,3,24,50.48,13.68,35.84,21.31519274376417
1151.0,874.0,131.0,146.0,3,25,75.93,11.38,12.68,13.034825870646765
962.0,453.0,385.0,124.0,3,26,47.09,40.02,12.89,45.94272076372315
1818.0,1128.0,427.0,263.0,3,27,62.05,23.49,14.47,27.459807073954984
2419.0,1541.0,371.0,507.0,3,28,63.7,15.34,20.96,19.40376569037657
1284.0,803.0,272.0,209.0,3,29,62.54,21.18,16.28,25.302325581395348
1623.0,915.0,416.0,292.0,3,30,56.38,25.63,17.99,31.254695717505637
2455.0,1533.0,554.0,368.0,3,31,62.44,22.57,14.99,26.54528030666028
1614.0,1048.0,247.0,319.0,3,32,64.93,15.3,19.76,19.07335907335907
1430.0,712.0,253.0,465.0,3,33,49.79,17.69,32.52,26.21761658031088
1531.0,969.0,292.0,270.0,3,34,63.29,19.07,17.64,23.156225218080888
2311.0,1298.0,554.0,459.0,3,35,56.17,23.97,19.86,29.913606911447083
2372.0,1555.0,424.0,393.0,3,36,65.56,17.88,16.57,21.424962102071753
1082.0,689.0,245.0,148.0,3,37,63.68,22.64,13.68,26.231263383297645
1022.0,711.0,182.0,129.0,3,38,69.57,17.81,12.62,20.38073908174692
2436.0,1276.0,467.0,693.0,3,39,52.38,19.17,28.45,26.792885829030403
1563.0,882.0,419.0,262.0,3,40,56.43,26.81,16.76,32.20599538816295
1408.0,686.0,303.0,419.0,3,41,48.72,21.52,29.76,30.63700707785642
1389.0,754.0,214.0,421.0,3,42,54.28,15.41,30.31,22.107438016528928
1644.0,867.0,337.0,440.0,3,43,52.74,20.5,26.76,27.99003322259136
1940.0,948.0,332.0,660.0,3,44,48.87,17.11,34.02,25.937500000000004
1081.0,563.0,233.0,285.0,3,45,52.08,21.55,26.36,29.2713567839196
1397.0,821.0,330.0,246.0,3,46,58.77,23.62,17.61,28.670721112076453
1800.0,973.0,284.0,543.0,3,47,54.06,15.78,30.17,22.593476531424024
1388.0,771.0,275.0,342.0,3,48,55.55,19.81,24.64,26.290630975143404
1651.0,922.0,292.0,437.0,3,49,55.84,17.69,26.47,24.052718286655683
1607.0,885.0,265.0,457.0,3,50,55.07,16.49,28.44,23.043478260869566
1812.0,1012.0,228.0,572.0,3,51,55.85,12.58,31.57,18.387096774193548
1297.0,730.0,184.0,383.0,3,52,56.28,14.19,29.53,20.13129102844639
2179.0,1084.0,337.0,758.0,3,53,49.75,15.47,34.79,23.715693173821254
1787.0,1011.0,340.0,436.0,3,54,56.58,19.03,24.4,25.166543301258326
1577.0,862.0,295.0,420.0,3,55,54.66,18.71,26.63,25.49697493517718
851.0,508.0,168.0,175.0,3,56,59.69,19.74,20.56,24.85207100591716
1543.0,965.0,308.0,270.0,3,57,62.54,19.96,17.5,24.194815396700704
1357.0,863.0,284.0,210.0,3,58,63.6,20.93,15.48,24.760244115082823
1211.0,682.0,266.0,263.0,3,59,56.32,21.97,21.72,28.059071729957807
1335.0,890.0,254.0,191.0,3,60,66.67,19.03,14.31,22.202797202797203
1074.0,674.0,189.0,211.0,3,61,62.76,17.6,19.65,21.90034762456547
1659.0,1097.0,210.0,352.0,3,62,66.12,12.66,21.22,16.067329762815607
1325.0,761.0,198.0,366.0,3,63,57.43,14.94,27.62,20.646506777893638
1247.0,793.0,230.0,224.0,3,64,63.59,18.44,17.96,22.482893450635384
1390.0,913.0,313.0,164.0,3,65,65.68,22.52,11.8,25.530179445350733
2329.0,1388.0,477.0,464.0,3,66,59.6,20.48,19.92,25.576407506702413
1749.0,1028.0,316.0,405.0,3,67,58.78,18.07,23.16,23.511904761904763
1157.0,669.0,261.0,227.0,3,68,57.82,22.56,19.62,28.064516129032256
1185.0,678.0,276.0,231.0,3,69,57.22,23.29,19.49,28.930817610062892
1250.0,706.0,282.0,262.0,3,70,56.48,22.56,20.96,28.542510121457486
1265.0,642.0,249.0,374.0,3,71,50.75,19.68,29.57,27.946127946127948
1401.0,747.0,270.0,384.0,3,72,53.32,19.27,27.41,26.548672566371685
1638.0,934.0,320.0,384.0,3,73,57.02,19.54,23.44,25.51834130781499
1777.0,1040.0,340.0,397.0,3,74,58.53,19.13,22.34,24.637681159420293
1648.0,951.0,287.0,410.0,3,75,57.71,17.42,24.88,23.18255250403877
1016.0,577.0,230.0,209.0,3,76,56.79,22.64,20.57,28.500619578686493
1300.0,721.0,278.0,301.0,3,77,55.46,21.38,23.15,27.82782782782783
1682.0,977.0,277.0,428.0,3,78,58.09,16.47,25.45,22.08931419457735
1808.0,915.0,280.0,613.0,3,79,50.61,15.49,33.9,23.430962343096233
1531.0,821.0,346.0,364.0,3,80,53.63,22.6,23.78,29.648671808054843
1847.0,1041.0,369.0,437.0,3,81,56.36,19.98,23.66,26.170212765957444
1857.0,1107.0,353.0,397.0,3,82,59.61,19.01,21.38,24.178082191780824
1353.0,819.0,267.0,267.0,3,83,60.53,19.73,19.73,24.585635359116022
1440.0,849.0,320.0,271.0,3,84,58.96,22.22,18.82,27.37382378100941
1234.0,654.0,246.0,334.0,3,85,53.0,19.94,27.07,27.333333333333332
1260.0,866.0,266.0,128.0,3,86,68.73,21.11,10.16,23.498233215547703
1502.0,945.0,265.0,292.0,3,87,62.92,17.64,19.44,21.90082644628099
1426.0,923.0,232.0,271.0,3,88,64.73,16.27,19.0,20.086580086580085
1227.0,868.0,230.0,129.0,3,89,70.74,18.74,10.51,20.9471766848816
1056.0,754.0,153.0,149.0,3,90,71.4,14.49,14.11,16.868798235942666
1424.0,915.0,203.0,306.0,3,91,64.26,14.26,21.49,18.157423971377458
1222.0,739.0,187.0,296.0,3,92,60.47,15.3,24.22,20.19438444924406
1535.0,993.0,285.0,257.0,3,93,64.69,18.57,16.74,22.300469483568076
1140.0,751.0,210.0,179.0,3,94,65.88,18.42,15.7,21.852237252861602
1634.0,957.0,258.0,419.0,3,95,58.57,15.79,25.64,21.23456790123457
1549.0,843.0,201.0,505.0,3,96,54.42,12.98,32.6,19.25287356321839
1647.0,700.0,238.0,709.0,3,97,42.5,14.45,43.05,25.37313432835821
1377.0,779.0,201.0,397.0,3,98,56.57,14.6,28.83,20.51020408163265
989.0,622.0,128.0,239.0,3,99,62.89,12.94,24.17,17.066666666666666
1249.0,768.0,189.0,292.0,3,100,61.49,15.13,23.38,19.74921630094044
2005.0,1048.0,276.0,681.0,3,101,52.27,13.77,33.97,20.84592145015106
1347.0,864.0,183.0,300.0,3,102,64.14,13.59,22.27,17.478510028653297
1207.0,770.0,274.0,163.0,3,103,63.79,22.7,13.5,26.245210727969347
1492.0,842.0,215.0,435.0,3,104,56.43,14.41,29.16,20.340586565752126
1155.0,711.0,157.0,287.0,3,105,61.56,13.59,24.85,18.087557603686637
1257.0,765.0,150.0,342.0,3,106,60.86,11.93,27.21,16.39344262295082
1576.0,951.0,283.0,342.0,3,107,60.34,17.96,21.7,22.93354943273906
1608.0,967.0,193.0,448.0,3,108,60.14,12.0,27.86,16.637931034482758
1505.0,976.0,187.0,342.0,3,109,64.85,12.43,22.72,16.079105760963028
1556.0,960.0,236.0,360.0,3,110,61.7,15.17,23.14,19.732441471571907
1315.0,817.0,215.0,283.0,3,111,62.13,16.35,21.52,20.833333333333336
1899.0,1216.0,334.0,349.0,3,112,64.03,17.59,18.38,21.548387096774192
1634.0,1010.0,303.0,321.0,3,113,61.81,18.54,19.65,23.076923076923077
1451.0,890.0,293.0,268.0,3,114,61.34,20.19,18.47,24.767540152155537
1483.0,960.0,274.0,249.0,3,211,64.73,18.48,16.79,22.20421393841167
2433.0,1242.0,581.0,610.0,3,212,51.05,23.88,25.07,31.870543060888647
2347.0,1094.0,437.0,816.0,3,213,46.61,18.62,34.77,28.543435662965383
1272.0,782.0,199.0,291.0,4,1,61.48,15.64,22.88,20.285423037716615
1944.0,1310.0,337.0,297.0,4,2,67.39,17.34,15.28,20.461445051608987
1072.0,770.0,164.0,138.0,4,3,71.83,15.3,12.87,17.558886509635975
981.0,606.0,180.0,195.0,4,4,61.77,18.35,19.88,22.900763358778626
1238.0,840.0,215.0,183.0,4,5,67.85,17.37,14.78,20.379146919431278
1134.0,780.0,209.0,145.0,4,6,68.78,18.43,12.79,21.1324570273003
1083.0,631.0,227.0,225.0,4,7,58.26,20.96,20.78,26.456876456876454
989.0,612.0,199.0,178.0,4,8,61.88,20.12,18.0,24.537607891491987
1420.0,926.0,227.0,267.0,4,9,65.21,15.99,18.8,19.687771032090197
869.0,625.0,148.0,96.0,4,10,71.92,17.03,11.05,19.146183699870633
1724.0,1223.0,283.0,218.0,4,11,70.94,16.42,12.65,18.791500664010623
1375.0,953.0,271.0,151.0,4,12,69.31,19.71,10.98,22.14052287581699
1265.0,856.0,234.0,175.0,4,13,67.67,18.5,13.83,21.467889908256883
849.0,575.0,153.0,121.0,4,14,67.73,18.02,14.25,21.016483516483518
1896.0,1319.0,319.0,258.0,4,15,69.57,16.82,13.61,19.474969474969477
1094.0,772.0,189.0,133.0,4,16,70.57,17.28,12.16,19.667013527575442
1135.0,779.0,175.0,181.0,4,17,68.63,15.42,15.95,18.343815513626836
1545.0,1003.0,267.0,275.0,4,18,64.92,17.28,17.8,21.023622047244096
1342.0,945.0,149.0,248.0,4,19,70.42,11.1,18.48,13.619744058500913
1447.0,1007.0,213.0,227.0,4,20,69.59,14.72,15.69,17.45901639344262
1301.0,890.0,177.0,234.0,4,21,68.41,13.6,17.99,16.588566073102157
1579.0,947.0,283.0,349.0,4,22,59.97,17.92,22.1,23.008130081300813
1088.0,714.0,167.0,207.0,4,23,65.62,15.35,19.03,18.955732122587968
1068.0,814.0,146.0,108.0,4,24,76.22,13.67,10.11,15.208333333333332
1189.0,841.0,160.0,188.0,4,25,70.73,13.46,15.81,15.984015984015985
1305.0,883.0,191.0,231.0,4,26,67.66,14.64,17.7,17.783985102420857
1175.0,757.0,190.0,228.0,4,27,64.43,16.17,19.4,20.06335797254488
1347.0,915.0,227.0,205.0,4,28,67.93,16.85,15.22,19.877408056042032
1149.0,816.0,199.0,134.0,4,29,71.02,17.32,11.66,19.60591133004926
1777.0,1208.0,338.0,231.0,4,30,67.98,19.02,13.0,21.86287192755498
1832.0,1125.0,303.0,404.0,4,31,61.41,16.54,22.05,21.218487394957982
1555.0,1084.0,285.0,186.0,4,32,69.71,18.33,11.96,20.818115412710007
1178.0,797.0,209.0,172.0,4,33,67.66,17.74,14.6,20.77534791252485
1471.0,1111.0,240.0,120.0,4,34,75.53,16.32,8.16,17.764618800888233
1416.0,974.0,255.0,187.0,4,35,68.79,18.01,13.21,20.748576078112286
1719.0,1089.0,307.0,323.0,4,36,63.35,17.86,18.79,21.99140401146132
2145.0,1410.0,376.0,359.0,4,37,65.73,17.53,16.74,21.052631578947366
1287.0,820.0,293.0,174.0,4,38,63.71,22.77,13.52,26.325247079964058
1211.0,763.0,207.0,241.0,4,39,63.01,17.09,19.9,21.34020618556701
1583.0,892.0,337.0,354.0,4,40,56.35,21.29,22.36,27.4206672091131
1330.0,741.0,289.0,300.0,4,41,55.71,21.73,22.56,28.058252427184467
1735.0,874.0,503.0,358.0,4,42,50.37,28.99,20.63,36.528685548293396
1639.0,1105.0,392.0,142.0,4,43,67.42,23.92,8.66,26.18570474281897
1624.0,1011.0,332.0,281.0,4,44,62.25,20.44,17.3,24.72077438570365
1296.0,791.0,263.0,242.0,4,45,61.03,20.29,18.67,24.952561669829223
2606.0,1746.0,550.0,310.0,4,46,67.0,21.11,11.9,23.954703832752614
1723.0,1134.0,353.0,236.0,4,47,65.82,20.49,13.7,23.739071956960323
1527.0,1022.0,258.0,247.0,4,48,66.93,16.9,16.18,20.15625
1176.0,760.0,203.0,213.0,4,49,64.63,17.26,18.11,21.079958463136034
2094.0,1422.0,349.0,323.0,4,50,67.91,16.67,15.43,19.706380575945794
1636.0,1146.0,185.0,305.0,4,51,70.05,11.31,18.64,13.899323816679187
2191.0,1509.0,290.0,392.0,4,52,68.87,13.24,17.89,16.12006670372429
1705.0,869.0,324.0,512.0,4,53,50.97,19.0,30.03,27.15842414082146
1085.0,704.0,138.0,243.0,4,54,64.88,12.72,22.4,16.389548693586697
1604.0,1012.0,190.0,402.0,4,55,63.09,11.85,25.06,15.806988352745424
1802.0,1062.0,184.0,556.0,4,56,58.93,10.21,30.85,14.767255216693421
1379.0,980.0,184.0,215.0,4,84,71.07,13.34,15.59,15.807560137457044
1757.0,1164.0,239.0,354.0,5,1,66.25,13.6,20.15,17.034925160370634
1552.0,1178.0,145.0,229.0,5,2,75.9,9.34,14.76,10.959939531368104
1380.0,1017.0,103.0,260.0,5,3,73.7,7.46,18.84,9.196428571428573
1100.0,779.0,147.0,174.0,5,4,70.82,13.36,15.82,15.874730021598271
1201.0,753.0,147.0,301.0,5,5,62.7,12.24,25.06,16.333333333333332
1783.0,1253.0,143.0,387.0,5,6,70.27,8.02,21.7,10.243553008595988
1724.0,1244.0,175.0,305.0,5,7,72.16,10.15,17.69,12.332628611698379
1640.0,1283.0,142.0,215.0,5,8,78.23,8.66,13.11,9.964912280701753
1727.0,1306.0,159.0,262.0,5,9,75.62,9.21,15.17,10.853242320819112
1619.0,1260.0,136.0,223.0,5,10,77.83,8.4,13.77,9.742120343839542
1409.0,1061.0,137.0,211.0,5,11,75.3,9.72,14.98,11.435726210350584
1395.0,1065.0,119.0,211.0,5,12,76.34,8.53,15.13,10.050675675675675
1705.0,1286.0,152.0,267.0,5,13,75.43,8.91,15.66,10.570236439499304
1731.0,1224.0,193.0,314.0,5,14,70.71,11.15,18.14,13.620324629498942
1610.0,1236.0,143.0,231.0,5,15,76.77,8.88,14.35,10.369833212472807
1897.0,1324.0,198.0,375.0,5,16,69.79,10.44,19.77,13.009198423127463
1598.0,1150.0,175.0,273.0,5,17,71.96,10.95,17.08,13.20754716981132
1240.0,921.0,162.0,157.0,5,18,74.27,13.06,12.66,14.958448753462603
1727.0,1373.0,161.0,193.0,5,19,79.5,9.32,11.18,10.495436766623207
1138.0,760.0,163.0,215.0,5,20,66.78,14.32,18.89,17.659804983748646
1346.0,816.0,176.0,354.0,5,21,60.62,13.08,26.3,17.741935483870968
1795.0,1342.0,230.0,223.0,5,22,74.76,12.81,12.42,14.631043256997456
1481.0,1121.0,151.0,209.0,5,23,75.69,10.2,14.11,11.871069182389938
1909.0,1451.0,217.0,241.0,5,24,76.01,11.37,12.62,13.009592326139089
1380.0,1068.0,154.0,158.0,5,25,77.39,11.16,11.45,12.60229132569558
1457.0,1175.0,135.0,147.0,5,26,80.65,9.27,10.09,10.305343511450381
1416.0,1122.0,149.0,145.0,5,27,79.24,10.52,10.24,11.723052714398111
1630.0,1219.0,192.0,219.0,5,28,74.79,11.78,13.44,13.607370659107016
1703.0,1320.0,168.0,215.0,5,29,77.51,9.86,12.62,11.29032258064516
1405.0,1151.0,143.0,111.0,5,30,81.92,10.18,7.9,11.051004636785162
1662.0,1228.0,193.0,241.0,5,31,73.89,11.61,14.5,13.58198451794511
1857.0,1241.0,190.0,426.0,5,32,66.83,10.23,22.94,13.277428371767993
1363.0,1029.0,122.0,212.0,5,33,75.5,8.95,15.55,10.599478714161599
1238.0,868.0,148.0,222.0,5,34,70.11,11.95,17.93,14.566929133858267
1088.0,889.0,100.0,99.0,5,35,81.71,9.19,9.1,10.111223458038422
1747.0,1349.0,186.0,212.0,5,36,77.22,10.65,12.14,12.117263843648209
1433.0,1070.0,134.0,229.0,5,37,74.67,9.35,15.98,11.129568106312291
1313.0,860.0,180.0,273.0,5,38,65.5,13.71,20.79,17.307692307692307
1547.0,1216.0,181.0,150.0,5,39,78.6,11.7,9.7,12.956335003579097
1449.0,1021.0,155.0,273.0,5,40,70.46,10.7,18.84,13.180272108843539
1868.0,1198.0,220.0,450.0,5,41,64.13,11.78,24.09,15.514809590973202
1286.0,908.0,149.0,229.0,5,42,70.61,11.59,17.81,14.096499526963102
1473.0,1045.0,157.0,271.0,5,43,70.94,10.66,18.4,13.061564059900165
1326.0,1005.0,137.0,184.0,5,44,75.79,10.33,13.88,11.996497373029772
1561.0,1238.0,145.0,178.0,5,45,79.31,9.29,11.4,10.484454085321765
1140.0,887.0,144.0,109.0,5,46,77.81,12.63,9.56,13.967022308438409
1286.0,1021.0,111.0,154.0,5,47,79.39,8.63,11.98,9.80565371024735
1272.0,983.0,121.0,168.0,5,48,77.28,9.51,13.21,10.960144927536232
1705.0,1260.0,213.0,232.0,5,49,73.9,12.49,13.61,14.460285132382891
1674.0,1227.0,159.0,288.0,5,50,73.3,9.5,17.2,11.471861471861471
1641.0,1256.0,148.0,237.0,5,51,76.54,9.02,14.44,10.541310541310542
1510.0,1169.0,152.0,189.0,5,52,77.42,10.07,12.52,11.506434519303559
1543.0,1146.0,186.0,211.0,5,53,74.27,12.05,13.67,13.963963963963963
1033.0,735.0,104.0,194.0,5,54,71.15,10.07,18.78,12.395709177592371
1440.0,1085.0,147.0,208.0,5,55,75.35,10.21,14.44,11.931818181818182
1237.0,885.0,137.0,215.0,5,56,71.54,11.08,17.38,13.405088062622308
1725.0,1251.0,241.0,233.0,5,57,72.52,13.97,13.51,16.152815013404826
1578.0,1109.0,161.0,308.0,5,58,70.28,10.2,19.52,12.677165354330707
1642.0,1125.0,194.0,323.0,5,59,68.51,11.81,19.67,14.70811220621683
1139.0,818.0,112.0,209.0,5,60,71.82,9.83,18.35,12.043010752688172
1449.0,900.0,193.0,356.0,5,61,62.11,13.32,24.57,17.657822506861848
1584.0,1118.0,185.0,281.0,5,62,70.58,11.68,17.74,14.19800460475825
1590.0,1185.0,141.0,264.0,5,63,74.53,8.87,16.6,10.633484162895927
1597.0,1076.0,207.0,314.0,5,64,67.38,12.96,19.66,16.134060795011692
1677.0,1148.0,184.0,345.0,5,65,68.46,10.97,20.57,13.813813813813812
1212.0,865.0,139.0,208.0,5,66,71.37,11.47,17.16,13.844621513944222
1345.0,944.0,135.0,266.0,5,67,70.19,10.04,19.78,12.511584800741426
1555.0,1059.0,162.0,334.0,5,68,68.1,10.42,21.48,13.267813267813267
1787.0,1228.0,191.0,368.0,5,69,68.72,10.69,20.59,13.46018322762509
1465.0,1085.0,149.0,231.0,5,70,74.06,10.17,15.77,12.074554294975687
1634.0,1055.0,204.0,375.0,5,71,64.57,12.48,22.95,16.203335980937254
1693.0,1205.0,177.0,311.0,5,72,71.18,10.45,18.37,12.807525325615051
1639.0,1131.0,183.0,325.0,5,73,69.01,11.17,19.83,13.926940639269406
1722.0,1296.0,164.0,262.0,5,74,75.26,9.52,15.21,11.232876712328768
1773.0,1245.0,216.0,312.0,5,75,70.22,12.18,17.6,14.784394250513348
1389.0,1001.0,153.0,235.0,5,76,72.07,11.02,16.92,13.258232235701906
1489.0,1100.0,147.0,242.0,5,77,73.88,9.87,16.25,11.788291900561347
2038.0,1539.0,205.0,294.0,5,78,75.52,10.06,14.43,11.754587155963304
1248.0,890.0,148.0,210.0,5,79,71.31,11.86,16.83,14.258188824662813
1372.0,941.0,171.0,260.0,5,80,68.59,12.46,18.95,15.377697841726617
1624.0,1129.0,180.0,315.0,5,81,69.52,11.08,19.4,13.750954927425516
1713.0,1174.0,202.0,337.0,5,82,68.53,11.79,19.67,14.680232558139537
1284.0,859.0,158.0,267.0,5,83,66.9,12.31,20.79,15.535889872173058
1342.0,950.0,141.0,251.0,5,84,70.79,10.51,18.7,12.923923006416132
1307.0,838.0,151.0,318.0,5,85,64.12,11.55,24.33,15.267947421638016
1273.0,870.0,139.0,264.0,5,86,68.34,10.92,20.74,13.77601585728444
1633.0,1179.0,186.0,268.0,5,87,72.2,11.39,16.41,13.626373626373626
1694.0,1184.0,188.0,322.0,5,88,69.89,11.1,19.01,13.702623906705538
1764.0,1285.0,193.0,286.0,5,89,72.85,10.94,16.21,13.058186738836266
1963.0,1303.0,231.0,429.0,5,90,66.38,11.77,21.85,15.058670143415906
1487.0,1070.0,164.0,253.0,5,91,71.96,11.03,17.01,13.290113452188008
1561.0,1148.0,166.0,247.0,5,92,73.54,10.63,15.82,12.633181126331811
1166.0,853.0,102.0,211.0,5,93,73.16,8.75,18.1,10.68062827225131
2557.0,1941.0,264.0,352.0,5,94,75.91,10.32,13.77,11.972789115646258
1644.0,1151.0,186.0,307.0,5,95,70.01,11.31,18.67,13.911742707554225
1119.0,760.0,137.0,222.0,5,96,67.92,12.24,19.84,15.27313266443701
1581.0,1146.0,145.0,290.0,5,97,72.49,9.17,18.34,11.23160340821069
1533.0,1045.0,173.0,315.0,5,98,68.17,11.29,20.55,14.203612479474547
1120.0,661.0,154.0,305.0,6,1,59.02,13.75,27.23,18.89570552147239
1462.0,867.0,257.0,338.0,6,2,59.3,17.58,23.12,22.864768683274022
2236.0,1386.0,438.0,412.0,6,3,61.99,19.59,18.43,24.013157894736842
1429.0,908.0,228.0,293.0,6,4,63.54,15.96,20.5,20.070422535211268
999.0,721.0,151.0,127.0,6,6,72.17,15.12,12.71,17.31651376146789
1928.0,1333.0,240.0,355.0,6,7,69.14,12.45,18.41,15.257469802924348
1942.0,1263.0,266.0,413.0,6,8,65.04,13.7,21.27,17.39699149771092
1205.0,864.0,164.0,177.0,6,9,71.7,13.61,14.69,15.953307392996107
886.0,526.0,176.0,184.0,6,10,59.37,19.86,20.77,25.071225071225072
1295.0,898.0,233.0,164.0,6,11,69.34,17.99,12.66,20.601237842617152
1113.0,770.0,153.0,190.0,6,12,69.18,13.75,17.07,16.57638136511376
1741.0,1095.0,268.0,378.0,6,13,62.89,15.39,21.71,19.66250917094644
1376.0,855.0,310.0,211.0,6,14,62.14,22.53,15.33,26.609442060085836
1395.0,815.0,270.0,310.0,6,15,58.42,19.35,22.22,24.88479262672811
1587.0,934.0,286.0,367.0,6,16,58.85,18.02,23.13,23.442622950819672
1329.0,820.0,258.0,251.0,6,17,61.7,19.41,18.89,23.933209647495364
1299.0,782.0,205.0,312.0,6,18,60.2,15.78,24.02,20.77001013171226
1496.0,954.0,225.0,317.0,6,19,63.77,15.04,21.19,19.083969465648856
1122.0,700.0,184.0,238.0,6,20,62.39,16.4,21.21,20.81447963800905
1343.0,884.0,231.0,228.0,6,21,65.82,17.2,16.98,20.717488789237667
1339.0,838.0,247.0,254.0,6,22,62.58,18.45,18.97,22.764976958525345
1354.0,988.0,240.0,126.0,6,23,72.97,17.73,9.31,19.54397394136808
1642.0,1143.0,234.0,265.0,6,24,69.61,14.25,16.14,16.99346405228758
1410.0,1051.0,177.0,182.0,6,25,74.54,12.55,12.91,14.41368078175896
1008.0,671.0,150.0,187.0,6,26,66.57,14.88,18.55,18.270401948842874
1194.0,820.0,175.0,199.0,6,27,68.68,14.66,16.67,17.587939698492463
1323.0,814.0,185.0,324.0,6,28,61.53,13.98,24.49,18.51851851851852
1223.0,779.0,202.0,242.0,6,29,63.7,16.52,19.79,20.59123343527013
1344.0,808.0,209.0,327.0,6,30,60.12,15.55,24.33,20.55063913470993
1099.0,717.0,140.0,242.0,6,31,65.24,12.74,22.02,16.33605600933489
1156.0,784.0,157.0,215.0,6,32,67.82,13.58,18.6,16.684378320935174
1302.0,846.0,194.0,262.0,6,33,64.98,14.9,20.12,18.653846153846153
1283.0,804.0,188.0,291.0,6,34,62.67,14.65,22.68,18.951612903225808
1016.0,701.0,136.0,179.0,6,35,69.0,13.39,17.62,16.248506571087216
1445.0,980.0,206.0,259.0,6,36,67.82,14.26,17.92,17.36930860033727
1128.0,658.0,153.0,317.0,6,37,58.33,13.56,28.1,18.865598027127003
1482.0,935.0,229.0,318.0,6,38,63.09,15.45,21.46,19.673539518900345
1611.0,909.0,221.0,481.0,6,39,56.42,13.72,29.86,19.557522123893804
1626.0,1006.0,249.0,371.0,6,40,61.87,15.31,22.82,19.840637450199203
1715.0,1098.0,194.0,423.0,6,41,64.02,11.31,24.66,15.015479876160992
1773.0,1087.0,213.0,473.0,6,42,61.31,12.01,26.68,16.384615384615383
1310.0,758.0,147.0,405.0,6,43,57.86,11.22,30.92,16.243093922651934
1495.0,945.0,182.0,368.0,6,44,63.21,12.17,24.62,16.149068322981368
1325.0,724.0,165.0,436.0,6,45,54.64,12.45,32.91,18.560179977502813
1147.0,653.0,169.0,325.0,6,46,56.93,14.73,28.33,20.559610705596107
1698.0,849.0,234.0,615.0,6,47,50.0,13.78,36.22,21.60664819944598
1388.0,760.0,194.0,434.0,6,48,54.76,13.98,31.27,20.335429769392032
1130.0,682.0,147.0,301.0,6,49,60.35,13.01,26.64,17.73220747889023
1260.0,703.0,166.0,391.0,6,50,55.79,13.17,31.03,19.102416570771002
1331.0,782.0,206.0,343.0,6,51,58.75,15.48,25.77,20.850202429149796
1574.0,964.0,185.0,425.0,6,52,61.25,11.75,27.0,16.100957354221062
1481.0,933.0,198.0,350.0,6,53,63.0,13.37,23.63,17.50663129973475
1630.0,995.0,192.0,443.0,6,54,61.04,11.78,27.18,16.175231676495365
1415.0,891.0,220.0,304.0,6,55,62.97,15.55,21.48,19.801980198019802
1579.0,899.0,205.0,475.0,6,56,56.93,12.98,30.08,18.568840579710145
1509.0,866.0,220.0,423.0,6,57,57.39,14.58,28.03,20.257826887661142
1601.0,919.0,232.0,450.0,6,58,57.4,14.49,28.11,20.156385751520418
1491.0,974.0,228.0,289.0,6,59,65.33,15.29,19.38,18.96838602329451
1790.0,1088.0,235.0,467.0,6,60,60.78,13.13,26.09,17.762660619803476
1343.0,853.0,167.0,323.0,6,61,63.51,12.43,24.05,16.372549019607842
1315.0,821.0,192.0,302.0,6,62,62.43,14.6,22.97,18.95360315893386
1547.0,935.0,223.0,389.0,6,63,60.44,14.41,25.15,19.2573402417962
1932.0,1241.0,272.0,419.0,6,64,64.23,14.08,21.69,17.97752808988764
1208.0,830.0,170.0,208.0,6,65,68.71,14.07,17.22,17.0
993.0,612.0,174.0,207.0,6,66,61.63,17.52,20.85,22.137404580152673
1780.0,1107.0,273.0,400.0,6,67,62.19,15.34,22.47,19.782608695652172
1550.0,1057.0,204.0,289.0,6,68,68.19,13.16,18.65,16.177636796193497
1103.0,724.0,151.0,228.0,6,69,65.64,13.69,20.67,17.257142857142856
1859.0,1088.0,283.0,488.0,6,70,58.53,15.22,26.25,20.64186725018235
1067.0,718.0,144.0,205.0,6,71,67.29,13.5,19.21,16.70533642691415
1614.0,1086.0,274.0,254.0,6,72,67.29,16.98,15.74,20.147058823529413
1383.0,880.0,213.0,290.0,6,73,63.63,15.4,20.97,19.48764867337603
1125.0,726.0,139.0,260.0,6,74,64.53,12.36,23.11,16.069364161849713
1092.0,803.0,153.0,136.0,6,75,73.53,14.01,12.45,16.00418410041841
1305.0,923.0,169.0,213.0,6,76,70.73,12.95,16.32,15.476190476190476
1182.0,742.0,177.0,263.0,6,77,62.77,14.97,22.25,19.26006528835691
1330.0,815.0,187.0,328.0,6,78,61.28,14.06,24.66,18.6626746506986
1094.0,696.0,201.0,197.0,6,79,63.62,18.37,18.01,22.40802675585284
1148.0,757.0,187.0,204.0,6,80,65.94,16.29,17.77,19.809322033898304
1295.0,827.0,202.0,266.0,6,81,63.86,15.6,20.54,19.630709426627792
1814.0,1273.0,239.0,302.0,6,82,70.18,13.18,16.65,15.806878306878309
1710.0,1178.0,270.0,262.0,6,83,68.89,15.79,15.32,18.646408839779006
1515.0,983.0,239.0,293.0,6,84,64.88,15.78,19.34,19.55810147299509
1277.0,913.0,181.0,183.0,6,85,71.5,14.17,14.33,16.544789762340038
990.0,780.0,111.0,99.0,6,86,78.79,11.21,10.0,12.457912457912458
1860.0,1326.0,333.0,201.0,6,87,71.29,17.9,10.81,20.07233273056058
1205.0,887.0,149.0,169.0,6,88,73.61,12.37,14.02,14.382239382239382
1573.0,1080.0,276.0,217.0,7,1,68.66,17.55,13.8,20.353982300884958
1145.0,743.0,207.0,195.0,7,2,64.89,18.08,17.03,21.789473684210524
1324.0,853.0,165.0,306.0,7,3,64.43,12.46,23.11,16.208251473477407
1486.0,865.0,240.0,381.0,7,4,58.21,16.15,25.64,21.71945701357466
1506.0,895.0,294.0,317.0,7,5,59.43,19.52,21.05,24.726661059714043
948.0,669.0,172.0,107.0,7,6,70.57,18.14,11.29,20.451843043995243
1403.0,873.0,238.0,292.0,7,7,62.22,16.96,20.81,21.422142214221424
1443.0,982.0,254.0,207.0,7,8,68.05,17.6,14.35,20.550161812297734
1194.0,693.0,228.0,273.0,7,9,58.04,19.1,22.86,24.7557003257329
1318.0,825.0,189.0,304.0,7,10,62.59,14.34,23.07,18.639053254437872
1139.0,635.0,205.0,299.0,7,11,55.75,18.0,26.25,24.404761904761905
1604.0,895.0,327.0,382.0,7,12,55.8,20.39,23.82,26.759410801963995
1222.0,808.0,243.0,171.0,7,13,66.12,19.89,13.99,23.120837297811608
921.0,494.0,208.0,219.0,7,14,53.64,22.58,23.78,29.629629629629626
1378.0,835.0,268.0,275.0,7,15,60.6,19.45,19.96,24.2973708068903
1336.0,850.0,272.0,214.0,7,16,63.62,20.36,16.02,24.242424242424242
1646.0,1062.0,264.0,320.0,7,17,64.52,16.04,19.44,19.90950226244344
1676.0,1026.0,229.0,421.0,7,18,61.22,13.66,25.12,18.247011952191237
1472.0,996.0,211.0,265.0,7,19,67.66,14.33,18.0,17.48135874067937
1570.0,949.0,258.0,363.0,7,20,60.45,16.43,23.12,21.375310687655343
1017.0,650.0,238.0,129.0,7,21,63.91,23.4,12.68,26.8018018018018
1158.0,761.0,247.0,150.0,7,22,65.72,21.33,12.95,24.503968253968253
1296.0,757.0,302.0,237.0,7,23,58.41,23.3,18.29,28.517469310670446
1475.0,857.0,297.0,321.0,7,24,58.1,20.14,21.76,25.736568457538993
1428.0,820.0,272.0,336.0,7,25,57.42,19.05,23.53,24.90842490842491
1076.0,689.0,202.0,185.0,7,26,64.03,18.77,17.19,22.671156004489337
1962.0,1199.0,284.0,479.0,7,27,61.11,14.48,24.41,19.150370869858396
1503.0,880.0,261.0,362.0,7,28,58.55,17.37,24.09,22.87467134092901
1299.0,828.0,249.0,222.0,7,29,63.74,19.17,17.09,23.119777158774372
1386.0,809.0,296.0,281.0,7,30,58.37,21.36,20.27,26.787330316742082
1553.0,926.0,275.0,352.0,7,31,59.63,17.71,22.67,22.89758534554538
1393.0,886.0,235.0,272.0,7,32,63.6,16.87,19.53,20.96342551293488
1388.0,933.0,230.0,225.0,7,33,67.22,16.57,16.21,19.776440240756664
1716.0,1192.0,220.0,304.0,7,34,69.46,12.82,17.72,15.58073654390935
1788.0,1243.0,256.0,289.0,7,35,69.52,14.32,16.16,17.07805203468979
1360.0,938.0,205.0,217.0,7,36,68.97,15.07,15.96,17.935258092738408
1478.0,886.0,263.0,329.0,7,37,59.95,17.79,22.26,22.88946910356832
1324.0,752.0,286.0,286.0,7,38,56.8,21.6,21.6,27.552986512524086
1594.0,976.0,244.0,374.0,7,39,61.23,15.31,23.46,20.0
1493.0,930.0,242.0,321.0,7,40,62.29,16.21,21.5,20.648464163822524
1349.0,775.0,176.0,398.0,7,41,57.45,13.05,29.5,18.506834910620398
1569.0,988.0,245.0,336.0,7,42,62.97,15.62,21.41,19.870235198702353
1380.0,892.0,206.0,282.0,7,43,64.64,14.93,20.43,18.761384335154826
1297.0,871.0,235.0,191.0,7,44,67.15,18.12,14.73,21.247739602169982
1483.0,916.0,248.0,319.0,7,45,61.77,16.72,21.51,21.305841924398624
1425.0,797.0,271.0,357.0,7,46,55.93,19.02,25.05,25.374531835205993
1492.0,902.0,234.0,356.0,7,47,60.46,15.68,23.86,20.598591549295776
1221.0,788.0,217.0,216.0,7,48,64.54,17.77,17.69,21.592039800995025
1206.0,765.0,228.0,213.0,7,49,63.43,18.91,17.66,22.9607250755287
1153.0,716.0,179.0,258.0,7,50,62.1,15.52,22.38,20.0
1726.0,1067.0,295.0,364.0,7,51,61.82,17.09,21.09,21.659324522760645
1215.0,901.0,198.0,116.0,7,52,74.16,16.3,9.55,18.016378525932666
1438.0,1040.0,256.0,142.0,7,53,72.32,17.8,9.87,19.753086419753085
1561.0,1191.0,227.0,143.0,7,54,76.3,14.54,9.16,16.00846262341326
1202.0,939.0,177.0,86.0,7,55,78.12,14.73,7.15,15.86021505376344
1168.0,805.0,239.0,124.0,7,56,68.92,20.46,10.62,22.892720306513407
1447.0,984.0,296.0,167.0,7,57,68.0,20.46,11.54,23.125
1359.0,918.0,329.0,112.0,7,58,67.55,24.21,8.24,26.383319967923015
1265.0,704.0,357.0,204.0,7,59,55.65,28.22,16.13,33.64750235626767
1810.0,1041.0,482.0,287.0,7,60,57.51,26.63,15.86,31.64806303348654
1200.0,737.0,324.0,139.0,7,61,61.42,27.0,11.58,30.537229029217723
1283.0,694.0,343.0,246.0,7,62,54.09,26.73,19.17,33.076181292189005
1449.0,792.0,429.0,228.0,7,63,54.66,29.61,15.73,35.13513513513514
1656.0,887.0,496.0,273.0,7,64,53.56,29.95,16.49,35.86406362979031
1669.0,762.0,484.0,423.0,7,65,45.66,29.0,25.34,38.84430176565008
1748.0,815.0,513.0,420.0,7,66,46.62,29.35,24.03,38.62951807228915
1479.0,757.0,375.0,346.0,7,67,51.18,25.35,23.39,33.12720848056537
1275.0,609.0,355.0,311.0,7,68,47.76,27.84,24.39,36.82572614107884
1430.0,651.0,465.0,314.0,7,69,45.52,32.52,21.96,41.66666666666667
1418.0,723.0,363.0,332.0,7,70,50.99,25.6,23.41,33.42541436464088
1366.0,729.0,419.0,218.0,7,71,53.37,30.67,15.96,36.498257839721255
1341.0,749.0,350.0,242.0,7,72,55.85,26.1,18.05,31.84713375796178
1121.0,509.0,398.0,214.0,7,73,45.41,35.5,19.09,43.880926130099226
1680.0,919.0,413.0,348.0,7,74,54.7,24.58,20.71,31.006006006006004
1235.0,545.0,379.0,311.0,7,75,44.13,30.69,25.18,41.01731601731602
1331.0,645.0,385.0,301.0,7,76,48.46,28.93,22.61,37.37864077669903
1352.0,692.0,359.0,301.0,7,77,51.18,26.55,22.26,34.15794481446242
1364.0,717.0,352.0,295.0,7,78,52.57,25.81,21.63,32.92797006548176
1352.0,637.0,513.0,202.0,7,79,47.12,37.94,14.94,44.608695652173914
1759.0,1030.0,445.0,284.0,7,80,58.56,25.3,16.15,30.16949152542373
1949.0,1082.0,593.0,274.0,7,81,55.52,30.43,14.06,35.40298507462686
1245.0,726.0,274.0,245.0,7,82,58.31,22.01,19.68,27.400000000000002
1272.0,660.0,360.0,252.0,7,83,51.89,28.3,19.81,35.294117647058826
1278.0,683.0,346.0,249.0,7,84,53.44,27.07,19.48,33.62487852283771
1273.0,745.0,353.0,175.0,7,85,58.52,27.73,13.75,32.14936247723133
1466.0,709.0,376.0,381.0,7,86,48.36,25.65,25.99,34.654377880184335
1575.0,797.0,440.0,338.0,7,87,50.6,27.94,21.46,35.56992724333064
1576.0,843.0,300.0,433.0,7,88,53.49,19.04,27.47,26.246719160104988
1349.0,749.0,318.0,282.0,7,89,55.52,23.57,20.9,29.803186504217432
1529.0,942.0,378.0,209.0,7,90,61.61,24.72,13.67,28.636363636363637
1152.0,668.0,299.0,185.0,7,91,57.99,25.95,16.06,30.920372285418825
1357.0,574.0,361.0,422.0,7,92,42.3,26.6,31.1,38.6096256684492
1584.0,870.0,408.0,306.0,7,93,54.92,25.76,19.32,31.92488262910798
1263.0,735.0,302.0,226.0,7,94,58.19,23.91,17.89,29.122468659594986
1517.0,996.0,292.0,229.0,7,95,65.66,19.25,15.1,22.67080745341615
1408.0,869.0,272.0,267.0,7,96,61.72,19.32,18.96,23.838737949167395
983.0,598.0,253.0,132.0,7,97,60.83,25.74,13.43,29.72972972972973
2139.0,1454.0,442.0,243.0,7,98,67.98,20.66,11.36,23.312236286919834
1232.0,782.0,291.0,159.0,7,99,63.47,23.62,12.91,27.12022367194781
1041.0,542.0,335.0,164.0,7,100,52.07,32.18,15.75,38.19840364880274
1380.0,691.0,421.0,268.0,7,101,50.07,30.51,19.42,37.85971223021583
611.0,421.0,90.0,100.0,7,102,68.9,14.73,16.37,17.61252446183953
1537.0,801.0,306.0,430.0,7,103,52.11,19.91,27.98,27.64227642276423
1602.0,956.0,408.0,238.0,7,104,59.68,25.47,14.86,29.91202346041056
1062.0,733.0,218.0,111.0,7,105,69.02,20.53,10.45,22.923238696109358
1220.0,832.0,259.0,129.0,7,106,68.2,21.23,10.57,23.73968835930339
1235.0,860.0,271.0,104.0,7,107,69.64,21.94,8.42,23.96109637488948
1219.0,823.0,275.0,121.0,7,108,67.51,22.56,9.93,25.045537340619305
1616.0,903.0,457.0,256.0,7,109,55.88,28.28,15.84,33.602941176470594
1087.0,690.0,300.0,97.0,7,110,63.48,27.6,8.92,30.303030303030305
887.0,608.0,204.0,75.0,7,111,68.55,23.0,8.46,25.12315270935961
1241.0,833.0,278.0,130.0,7,112,67.12,22.4,10.48,25.02250225022502
1195.0,771.0,259.0,165.0,7,113,64.52,21.67,13.81,25.145631067961165
1165.0,861.0,192.0,112.0,7,114,73.91,16.48,9.61,18.233618233618234
1103.0,811.0,158.0,134.0,7,115,73.53,14.32,12.15,16.30546955624355
1466.0,966.0,325.0,175.0,7,116,65.89,22.17,11.94,25.17428350116189
1570.0,812.0,321.0,437.0,7,117,51.72,20.45,27.83,28.331862312444837
1224.0,830.0,232.0,162.0,7,118,67.81,18.95,13.24,21.84557438794727
1196.0,762.0,223.0,211.0,7,119,63.71,18.65,17.64,22.63959390862944
1213.0,678.0,312.0,223.0,7,120,55.89,25.72,18.38,31.515151515151512
1177.0,691.0,220.0,266.0,7,121,58.71,18.69,22.6,24.149286498353458
1336.0,829.0,273.0,234.0,7,122,62.05,20.43,17.51,24.773139745916513
1392.0,895.0,287.0,210.0,7,123,64.3,20.62,15.09,24.28087986463621
1282.0,683.0,390.0,209.0,8,1,53.28,30.42,16.3,36.34669151910531
1232.0,816.0,259.0,157.0,8,2,66.23,21.02,12.74,24.093023255813954
1234.0,721.0,301.0,212.0,8,3,58.43,24.39,17.18,29.45205479452055
1436.0,763.0,337.0,336.0,8,4,53.13,23.47,23.4,30.636363636363633
1152.0,630.0,299.0,223.0,8,5,54.69,25.95,19.36,32.18514531754575
1501.0,908.0,284.0,309.0,8,6,60.49,18.92,20.59,23.825503355704697
1197.0,691.0,336.0,170.0,8,7,57.73,28.07,14.2,32.716650438169424
1591.0,925.0,363.0,303.0,8,8,58.14,22.82,19.04,28.183229813664596
1676.0,1034.0,297.0,345.0,8,9,61.69,17.72,20.58,22.31404958677686
1112.0,652.0,276.0,184.0,8,10,58.63,24.82,16.55,29.74137931034483
1196.0,773.0,260.0,163.0,8,11,64.63,21.74,13.63,25.169409486931265
1339.0,729.0,302.0,308.0,8,12,54.44,22.55,23.0,29.29194956353055
1186.0,729.0,202.0,255.0,8,13,61.47,17.03,21.5,21.697099892588614
1215.0,709.0,225.0,281.0,8,14,58.35,18.52,23.13,24.089935760171304
1410.0,712.0,298.0,400.0,8,15,50.5,21.13,28.37,29.504950495049503
1146.0,690.0,218.0,238.0,8,16,60.21,19.02,20.77,24.008810572687224
1371.0,809.0,347.0,215.0,8,17,59.01,25.31,15.68,30.017301038062282
1545.0,871.0,337.0,337.0,8,18,56.38,21.81,21.81,27.897350993377483
1797.0,912.0,381.0,504.0,8,19,50.75,21.2,28.05,29.466357308584683
1302.0,741.0,260.0,301.0,8,20,56.91,19.97,23.12,25.97402597402597
1459.0,770.0,374.0,315.0,8,21,52.78,25.63,21.59,32.69230769230769
1227.0,713.0,301.0,213.0,8,22,58.11,24.53,17.36,29.68441814595661
1347.0,756.0,235.0,356.0,8,23,56.12,17.45,26.43,23.713420787083752
1396.0,779.0,313.0,304.0,8,24,55.8,22.42,21.78,28.66300366300366
1188.0,591.0,278.0,319.0,8,25,49.75,23.4,26.85,31.990794016110474
1418.0,798.0,344.0,276.0,8,26,56.28,24.26,19.46,30.122591943957964
1285.0,762.0,380.0,143.0,8,27,59.3,29.57,11.13,33.274956217162874
1094.0,555.0,355.0,184.0,8,28,50.73,32.45,16.82,39.010989010989015
1519.0,988.0,328.0,203.0,8,29,65.04,21.59,13.36,24.924012158054712
1508.0,863.0,324.0,321.0,8,30,57.23,21.49,21.29,27.295703454085928
1313.0,784.0,330.0,199.0,8,31,59.71,25.13,15.16,29.622980251346497
1295.0,707.0,381.0,207.0,8,32,54.59,29.42,15.98,35.018382352941174
1460.0,695.0,349.0,416.0,8,33,47.6,23.9,28.49,33.42911877394636
1203.0,509.0,359.0,335.0,8,34,42.31,29.84,27.85,41.3594470046083
2034.0,867.0,482.0,685.0,8,35,42.63,23.7,33.68,35.73017049666419
1492.0,673.0,398.0,421.0,8,36,45.11,26.68,28.22,37.16153127917834
1506.0,712.0,417.0,377.0,8,37,47.28,27.69,25.03,36.935341009743134
1470.0,811.0,256.0,403.0,8,38,55.17,17.41,27.41,23.992502343017808
1525.0,762.0,366.0,397.0,8,39,49.97,24.0,26.03,32.4468085106383
1652.0,863.0,298.0,491.0,8,40,52.24,18.04,29.72,25.667527993109392
2392.0,924.0,336.0,1132.0,8,41,38.63,14.05,47.32,26.666666666666668
1274.0,647.0,385.0,242.0,8,42,50.78,30.22,19.0,37.3062015503876
1155.0,736.0,283.0,136.0,8,43,63.72,24.5,11.77,27.77232580961727
1358.0,639.0,268.0,451.0,8,44,47.05,19.73,33.21,29.54796030871003
1730.0,764.0,311.0,655.0,8,45,44.16,17.98,37.86,28.930232558139537
1376.0,701.0,285.0,390.0,8,46,50.94,20.71,28.34,28.904665314401623
1574.0,655.0,300.0,619.0,8,47,41.61,19.06,39.33,31.413612565445025
973.0,701.0,146.0,126.0,8,48,72.05,15.01,12.95,17.237308146399055
1260.0,863.0,230.0,167.0,8,49,68.49,18.25,13.25,21.043000914913083
1411.0,800.0,440.0,171.0,8,50,56.7,31.18,12.12,35.483870967741936
1355.0,944.0,273.0,138.0,8,51,69.67,20.15,10.18,22.432210353327857
904.0,551.0,230.0,123.0,8,52,60.95,25.44,13.61,29.449423815621
1174.0,640.0,398.0,136.0,8,53,54.51,33.9,11.58,38.34296724470135
1692.0,941.0,512.0,239.0,8,54,55.61,30.26,14.13,35.237439779766
1871.0,1037.0,660.0,174.0,8,55,55.42,35.28,9.3,38.89216263995286
1492.0,890.0,357.0,245.0,8,56,59.65,23.93,16.42,28.62870890136327
1331.0,796.0,322.0,213.0,8,57,59.8,24.19,16.0,28.80143112701252
1588.0,1039.0,360.0,189.0,8,58,65.43,22.67,11.9,25.73266619013581
964.0,607.0,238.0,119.0,8,59,62.97,24.69,12.34,28.165680473372777
1175.0,653.0,426.0,96.0,8,60,55.57,36.26,8.17,39.48100092678406
1670.0,1112.0,427.0,131.0,8,61,66.59,25.57,7.84,27.74528914879792
1171.0,698.0,407.0,66.0,8,62,59.61,34.76,5.64,36.832579185520366
1100.0,579.0,451.0,70.0,8,63,52.64,41.0,6.36,43.786407766990294
1747.0,1153.0,448.0,146.0,8,64,66.0,25.64,8.36,27.98251093066833
1684.0,914.0,352.0,418.0,8,65,54.28,20.9,24.82,27.804107424960506
1543.0,825.0,334.0,384.0,8,66,53.47,21.65,24.89,28.817946505608283
1699.0,890.0,451.0,358.0,8,67,52.38,26.55,21.07,33.63161819537658
1797.0,824.0,456.0,517.0,8,68,45.85,25.38,28.77,35.625
1490.0,722.0,361.0,407.0,8,69,48.46,24.23,27.32,33.33333333333333
1456.0,651.0,343.0,462.0,8,70,44.71,23.56,31.73,34.50704225352113
1588.0,768.0,397.0,423.0,8,71,48.36,25.0,26.64,34.07725321888412
1285.0,618.0,384.0,283.0,8,72,48.09,29.88,22.02,38.32335329341318
1736.0,887.0,312.0,537.0,8,73,51.09,17.97,30.93,26.02168473728107
1370.0,632.0,292.0,446.0,8,74,46.13,21.31,32.55,31.601731601731604
1860.0,919.0,461.0,480.0,8,75,49.41,24.78,25.81,33.405797101449274
1548.0,716.0,490.0,342.0,8,76,46.25,31.65,22.09,40.6301824212272
1405.0,907.0,306.0,192.0,8,77,64.56,21.78,13.67,25.22671063478978
1499.0,779.0,328.0,392.0,8,78,51.97,21.88,26.15,29.629629629629626
1418.0,625.0,332.0,461.0,8,79,44.08,23.41,32.51,34.69174503657263
1471.0,738.0,399.0,334.0,8,80,50.17,27.12,22.71,35.09234828496042
1607.0,732.0,345.0,530.0,8,81,45.55,21.47,32.98,32.03342618384401
1560.0,722.0,436.0,402.0,8,82,46.28,27.95,25.77,37.65112262521589
1280.0,559.0,313.0,408.0,8,83,43.67,24.45,31.88,35.89449541284404
1170.0,560.0,346.0,264.0,8,84,47.86,29.57,22.56,38.18984547461369
1428.0,716.0,322.0,390.0,8,85,50.14,22.55,27.31,31.021194605009633
1690.0,850.0,435.0,405.0,8,86,50.3,25.74,23.96,33.85214007782101
1227.0,609.0,359.0,259.0,8,87,49.63,29.26,21.11,37.086776859504134
1275.0,664.0,314.0,297.0,8,88,52.08,24.63,23.29,32.10633946830266
1260.0,632.0,322.0,306.0,8,89,50.16,25.56,24.29,33.75262054507338
1222.0,615.0,344.0,263.0,8,90,50.33,28.15,21.52,35.870698644421275
1180.0,580.0,382.0,218.0,8,91,49.15,32.37,18.47,39.70893970893971
1012.0,503.0,358.0,151.0,8,92,49.7,35.38,14.92,41.57955865272939
1233.0,649.0,344.0,240.0,8,93,52.64,27.9,19.46,34.64249748237664
1213.0,570.0,450.0,193.0,8,94,46.99,37.1,15.91,44.11764705882353
1094.0,647.0,351.0,96.0,8,95,59.14,32.08,8.78,35.170340681362724
1731.0,915.0,486.0,330.0,8,96,52.86,28.08,19.06,34.68950749464668
1340.0,721.0,342.0,277.0,8,97,53.81,25.52,20.67,32.173095014111006
1221.0,656.0,321.0,244.0,8,98,53.73,26.29,19.98,32.855680655066536
1330.0,730.0,292.0,308.0,8,99,54.89,21.95,23.16,28.57142857142857
1252.0,666.0,346.0,240.0,8,100,53.19,27.64,19.17,34.18972332015811
1681.0,905.0,499.0,277.0,8,101,53.84,29.68,16.48,35.54131054131054
1559.0,731.0,462.0,366.0,8,102,46.89,29.63,23.48,38.725901089689856
1535.0,766.0,232.0,537.0,8,103,49.9,15.11,34.98,23.246492985971944
1231.0,690.0,241.0,300.0,8,104,56.05,19.58,24.37,25.88614393125671
1525.0,865.0,248.0,412.0,8,105,56.72,16.26,27.02,22.282120395327944
1191.0,572.0,207.0,412.0,8,106,48.03,17.38,34.59,26.572528883183566
1789.0,1194.0,353.0,242.0,8,107,66.74,19.73,13.53,22.81835811247576
1872.0,993.0,312.0,567.0,8,108,53.04,16.67,30.29,23.908045977011493
987.0,592.0,259.0,136.0,8,109,59.98,26.24,13.78,30.434782608695656
1885.0,785.0,351.0,749.0,8,110,41.64,18.62,39.73,30.897887323943664
1594.0,616.0,387.0,591.0,8,111,38.64,24.28,37.08,38.584247258225325
1675.0,634.0,328.0,713.0,8,112,37.85,19.58,42.57,34.0956340956341
1729.0,725.0,349.0,655.0,8,113,41.93,20.19,37.88,32.49534450651769
1840.0,759.0,453.0,628.0,8,114,41.25,24.62,34.13,37.37623762376238
1646.0,630.0,359.0,657.0,8,115,38.27,21.81,39.91,36.29929221435793
1379.0,820.0,304.0,255.0,8,116,59.46,22.04,18.49,27.046263345195733
1465.0,928.0,280.0,257.0,8,215,63.34,19.11,17.54,23.178807947019866
2568.0,1017.0,369.0,1182.0,9,1,39.6,14.37,46.03,26.623376623376622
2112.0,843.0,397.0,872.0,9,2,39.91,18.8,41.29,32.016129032258064
2094.0,891.0,426.0,777.0,9,3,42.55,20.34,37.11,32.346241457858774
1642.0,703.0,405.0,534.0,9,4,42.81,24.67,32.52,36.55234657039711
1590.0,915.0,327.0,348.0,9,5,57.55,20.57,21.89,26.32850241545894
1238.0,864.0,190.0,184.0,9,6,69.79,15.35,14.86,18.026565464895636
1301.0,892.0,167.0,242.0,9,7,68.56,12.84,18.6,15.769593956562794
1927.0,1600.0,178.0,149.0,9,8,83.03,9.24,7.73,10.011248593925758
1434.0,999.0,300.0,135.0,9,9,69.67,20.92,9.41,23.094688221709006
1782.0,1298.0,352.0,132.0,9,10,72.84,19.75,7.41,21.333333333333336
1737.0,1216.0,251.0,270.0,9,11,70.01,14.45,15.54,17.109747784594408
1897.0,1048.0,294.0,555.0,9,13,55.25,15.5,29.26,21.90760059612519
2011.0,962.0,380.0,669.0,9,14,47.84,18.9,33.27,28.315946348733235
1794.0,993.0,360.0,441.0,9,15,55.35,20.07,24.58,26.607538802660752
1371.0,944.0,333.0,94.0,9,16,68.85,24.29,6.86,26.076742364917777
1502.0,1051.0,277.0,174.0,9,17,69.97,18.44,11.58,20.85843373493976
1478.0,999.0,356.0,123.0,9,18,67.59,24.09,8.32,26.273062730627306
2440.0,1679.0,563.0,198.0,9,19,68.81,23.07,8.11,25.111507582515614
1125.0,822.0,214.0,89.0,9,20,73.07,19.02,7.91,20.656370656370658
1366.0,987.0,245.0,134.0,9,21,72.25,17.94,9.81,19.886363636363637
1198.0,894.0,200.0,104.0,9,22,74.62,16.69,8.68,18.281535648994517
1216.0,926.0,170.0,120.0,9,23,76.15,13.98,9.87,15.51094890510949
1140.0,838.0,218.0,84.0,9,24,73.51,19.12,7.37,20.643939393939394
1167.0,807.0,203.0,157.0,9,25,69.15,17.4,13.45,20.0990099009901
1534.0,1005.0,354.0,175.0,9,26,65.51,23.08,11.41,26.048565121412803
1337.0,844.0,395.0,98.0,9,27,63.13,29.54,7.33,31.88054882970137
1634.0,1293.0,274.0,67.0,9,28,79.13,16.77,4.1,17.485641352903638
1144.0,704.0,304.0,136.0,9,29,61.54,26.57,11.89,30.158730158730158
1504.0,1063.0,316.0,125.0,9,30,70.68,21.01,8.31,22.91515591007977
1172.0,867.0,232.0,73.0,9,31,73.98,19.8,6.23,21.11010009099181
2143.0,1365.0,356.0,422.0,9,32,63.7,16.61,19.69,20.685647879140035
3214.0,1873.0,774.0,567.0,9,33,58.28,24.08,17.64,29.240649792217603
1401.0,783.0,402.0,216.0,9,34,55.89,28.69,15.42,33.92405063291139
1542.0,873.0,402.0,267.0,9,35,56.61,26.07,17.32,31.529411764705884
1419.0,865.0,417.0,137.0,9,36,60.96,29.39,9.65,32.52730109204368
1436.0,814.0,369.0,253.0,9,37,56.69,25.7,17.62,31.191885038038887
1575.0,1082.0,322.0,171.0,9,38,68.7,20.44,10.86,22.934472934472936
1550.0,1025.0,339.0,186.0,9,39,66.13,21.87,12.0,24.853372434017594
1523.0,1081.0,236.0,206.0,9,40,70.98,15.5,13.53,17.91951404707669
1428.0,998.0,222.0,208.0,9,41,69.89,15.55,14.57,18.19672131147541
1283.0,860.0,234.0,189.0,9,42,67.03,18.24,14.73,21.389396709323584
1339.0,882.0,271.0,186.0,9,43,65.87,20.24,13.89,23.503902862098872
1429.0,1043.0,227.0,159.0,9,44,72.99,15.89,11.13,17.874015748031496
1425.0,1001.0,248.0,176.0,9,45,70.25,17.4,12.35,19.855884707766215
1298.0,906.0,238.0,154.0,9,46,69.8,18.34,11.86,20.804195804195803
1524.0,1122.0,223.0,179.0,9,47,73.62,14.63,11.75,16.57992565055762
1424.0,955.0,261.0,208.0,9,48,67.06,18.33,14.61,21.463815789473685
1286.0,767.0,260.0,259.0,9,49,59.64,20.22,20.14,25.31645569620253
1554.0,1081.0,285.0,188.0,9,50,69.56,18.34,12.1,20.863836017569547
1218.0,833.0,200.0,185.0,9,51,68.39,16.42,15.19,19.36108422071636
1174.0,820.0,220.0,134.0,9,52,69.85,18.74,11.41,21.153846153846153
1586.0,1085.0,310.0,191.0,9,53,68.41,19.55,12.04,22.22222222222222
1124.0,785.0,166.0,173.0,9,54,69.84,14.77,15.39,17.455310199789693
1733.0,950.0,263.0,520.0,9,55,54.82,15.18,30.01,21.681780708985983
1142.0,597.0,384.0,161.0,9,56,52.28,33.63,14.1,39.14373088685015
1536.0,860.0,286.0,390.0,9,57,55.99,18.62,25.39,24.956369982547994
1508.0,1004.0,228.0,276.0,9,58,66.58,15.12,18.3,18.506493506493506
1394.0,868.0,293.0,233.0,9,59,62.27,21.02,16.71,25.23686477174849
1348.0,820.0,321.0,207.0,9,60,60.83,23.81,15.36,28.13321647677476
1705.0,1170.0,356.0,179.0,9,61,68.62,20.88,10.5,23.32896461336828
1111.0,676.0,216.0,219.0,9,62,60.85,19.44,19.71,24.2152466367713
1131.0,717.0,252.0,162.0,9,63,63.4,22.28,14.32,26.006191950464398
1204.0,743.0,292.0,169.0,9,64,61.71,24.25,14.04,28.212560386473427
1948.0,1066.0,455.0,427.0,9,65,54.72,23.36,21.92,29.914529914529915
1424.0,895.0,305.0,224.0,9,66,62.85,21.42,15.73,25.416666666666664
1455.0,787.0,303.0,365.0,9,67,54.09,20.82,25.09,27.798165137614678
1560.0,998.0,357.0,205.0,9,68,63.97,22.88,13.14,26.346863468634684
922.0,545.0,207.0,170.0,9,69,59.11,22.45,18.44,27.526595744680847
1767.0,731.0,460.0,576.0,9,70,41.37,26.03,32.6,38.62300587741394
1863.0,1004.0,434.0,425.0,9,71,53.89,23.3,22.81,30.180806675938804
1465.0,650.0,344.0,471.0,9,72,44.37,23.48,32.15,34.60764587525151
1548.0,869.0,444.0,235.0,9,73,56.14,28.68,15.18,33.815689261233814
1603.0,1070.0,297.0,236.0,9,74,66.75,18.53,14.72,21.72640819312363
1478.0,863.0,265.0,350.0,9,75,58.39,17.93,23.68,23.49290780141844
1412.0,924.0,214.0,274.0,9,76,65.44,15.16,19.41,18.804920913884008
1586.0,1090.0,252.0,244.0,9,77,68.73,15.89,15.38,18.7779433681073
1461.0,915.0,215.0,331.0,9,78,62.63,14.72,22.66,19.02654867256637
1572.0,1005.0,289.0,278.0,9,79,63.93,18.38,17.68,22.3338485316847
1315.0,831.0,233.0,251.0,9,80,63.19,17.72,19.09,21.898496240601503
1778.0,1085.0,304.0,389.0,9,81,61.02,17.1,21.88,21.886249100071993
1936.0,1212.0,306.0,418.0,9,82,62.6,15.81,21.59,20.158102766798418
1641.0,988.0,310.0,343.0,9,83,60.21,18.89,20.9,23.882896764252695
1708.0,1055.0,272.0,381.0,9,84,61.77,15.93,22.31,20.497362471740768
1686.0,1022.0,257.0,407.0,9,85,60.62,15.24,24.14,20.093823299452698
1478.0,929.0,188.0,361.0,9,86,62.86,12.72,24.42,16.83079677708147
1273.0,846.0,223.0,204.0,9,87,66.46,17.52,16.03,20.860617399438727
1983.0,1123.0,379.0,481.0,9,88,56.63,19.11,24.26,25.233022636484687
1476.0,898.0,272.0,306.0,9,89,60.84,18.43,20.73,23.247863247863247
1607.0,860.0,354.0,393.0,9,90,53.52,22.03,24.46,29.159802306425043
1862.0,1087.0,385.0,390.0,9,91,58.38,20.68,20.95,26.154891304347828
1928.0,1166.0,404.0,358.0,9,92,60.48,20.95,18.57,25.73248407643312
1332.0,830.0,305.0,197.0,9,93,62.31,22.9,14.79,26.87224669603524
2077.0,1269.0,331.0,477.0,9,94,61.1,15.94,22.97,20.6875
2120.0,1299.0,361.0,460.0,9,95,61.27,17.03,21.7,21.746987951807228
1267.0,795.0,216.0,256.0,9,156,62.75,17.05,20.21,21.364985163204746
1612.0,906.0,253.0,453.0,10,1,56.2,15.69,28.1,21.82916307161346
1743.0,1065.0,261.0,417.0,10,2,61.1,14.97,23.92,19.683257918552037
1602.0,984.0,265.0,353.0,10,3,61.42,16.54,22.03,21.21697357886309
1520.0,882.0,329.0,309.0,10,4,58.03,21.64,20.33,27.167630057803464
1694.0,1028.0,352.0,314.0,10,5,60.68,20.78,18.54,25.507246376811594
1756.0,1088.0,281.0,387.0,10,6,61.96,16.0,22.04,20.525931336742147
1324.0,922.0,221.0,181.0,10,7,69.64,16.69,13.67,19.335083114610676
1700.0,947.0,300.0,453.0,10,8,55.71,17.65,26.65,24.057738572574177
1545.0,963.0,261.0,321.0,10,9,62.33,16.89,20.78,21.323529411764707
1700.0,974.0,283.0,443.0,10,10,57.29,16.65,26.06,22.51392203659507
1203.0,743.0,202.0,258.0,10,11,61.76,16.79,21.45,21.375661375661377
1883.0,1106.0,324.0,453.0,10,12,58.74,17.21,24.06,22.657342657342657
1365.0,820.0,207.0,338.0,10,13,60.07,15.16,24.76,20.155793573515094
1418.0,805.0,223.0,390.0,10,14,56.77,15.73,27.5,21.69260700389105
1866.0,1055.0,311.0,500.0,10,15,56.54,16.67,26.8,22.767203513909223
1286.0,795.0,217.0,274.0,10,16,61.82,16.87,21.31,21.442687747035574
1730.0,1036.0,250.0,444.0,10,17,59.88,14.45,25.66,19.440124416796266
1401.0,780.0,213.0,408.0,10,18,55.67,15.2,29.12,21.45015105740181
1642.0,1010.0,276.0,356.0,10,19,61.51,16.81,21.68,21.461897356143076
1473.0,837.0,304.0,332.0,10,20,56.82,20.64,22.54,26.643295354951796
1324.0,758.0,236.0,330.0,10,21,57.25,17.82,24.92,23.74245472837022
1292.0,836.0,183.0,273.0,10,22,64.71,14.16,21.13,17.958783120706574
1458.0,884.0,234.0,340.0,10,23,60.63,16.05,23.32,20.930232558139537
1472.0,940.0,190.0,342.0,10,24,63.86,12.91,23.23,16.8141592920354
1362.0,818.0,200.0,344.0,10,25,60.06,14.68,25.26,19.646365422396855
1506.0,886.0,245.0,375.0,10,26,58.83,16.27,24.9,21.662245800176834
1556.0,967.0,339.0,250.0,10,27,62.15,21.79,16.07,25.957120980091887
1801.0,1119.0,289.0,393.0,10,28,62.13,16.05,21.82,20.525568181818183
1505.0,928.0,277.0,300.0,10,29,61.66,18.41,19.93,22.987551867219917
1755.0,1130.0,369.0,256.0,10,30,64.39,21.03,14.59,24.616410940627084
1558.0,890.0,294.0,374.0,10,31,57.12,18.87,24.01,24.83108108108108
1415.0,958.0,196.0,261.0,10,32,67.7,13.85,18.45,16.984402079722706
889.0,625.0,212.0,52.0,10,33,70.3,23.85,5.85,25.328554360812426
1745.0,1024.0,461.0,260.0,10,34,58.68,26.42,14.9,31.043771043771045
2011.0,1397.0,413.0,201.0,10,35,69.47,20.54,10.0,22.81767955801105
1506.0,1090.0,201.0,215.0,10,36,72.38,13.35,14.28,15.569326103795508
1061.0,508.0,184.0,369.0,10,37,47.88,17.34,34.78,26.589595375722542
1618.0,1010.0,276.0,332.0,10,38,62.42,17.06,20.52,21.461897356143076
1784.0,1017.0,239.0,528.0,10,39,57.01,13.4,29.6,19.028662420382165
1921.0,1059.0,313.0,549.0,10,40,55.13,16.29,28.58,22.813411078717202
1576.0,904.0,274.0,398.0,10,41,57.36,17.39,25.25,23.2597623089983
2547.0,1446.0,321.0,780.0,10,42,56.77,12.6,30.62,18.166383701188455
2148.0,1018.0,260.0,870.0,10,43,47.39,12.1,40.5,20.344287949921753
1533.0,817.0,326.0,390.0,10,44,53.29,21.27,25.44,28.521434820647418
1282.0,781.0,256.0,245.0,10,45,60.92,19.97,19.11,24.686595949855352
1249.0,653.0,317.0,279.0,10,46,52.28,25.38,22.34,32.68041237113402
1918.0,986.0,351.0,581.0,10,47,51.41,18.3,30.29,26.252804786836197
1633.0,881.0,329.0,423.0,10,48,53.95,20.15,25.9,27.1900826446281
1276.0,751.0,284.0,241.0,10,49,58.86,22.26,18.89,27.43961352657005
1618.0,959.0,350.0,309.0,10,50,59.27,21.63,19.1,26.737967914438503
1581.0,937.0,302.0,342.0,10,51,59.27,19.1,21.63,24.37449556093624
2375.0,1541.0,327.0,507.0,10,52,64.88,13.77,21.35,17.505353319057814
1795.0,1169.0,267.0,359.0,10,53,65.13,14.87,20.0,18.5933147632312
990.0,575.0,189.0,226.0,10,54,58.08,19.09,22.83,24.73821989528796
2663.0,1707.0,367.0,589.0,10,55,64.1,13.78,22.12,17.695274831243974
1917.0,991.0,202.0,724.0,10,56,51.7,10.54,37.77,16.932103939647945
1378.0,788.0,218.0,372.0,10,57,57.18,15.82,27.0,21.669980119284293
1159.0,712.0,147.0,300.0,10,58,61.43,12.68,25.88,17.112922002328286
1693.0,916.0,249.0,528.0,10,59,54.11,14.71,31.19,21.373390557939913
1588.0,935.0,152.0,501.0,10,60,58.88,9.57,31.55,13.983440662373505
1836.0,1339.0,196.0,301.0,10,61,72.93,10.68,16.39,12.76872964169381
1516.0,1068.0,192.0,256.0,10,62,70.45,12.66,16.89,15.238095238095239
1224.0,853.0,182.0,189.0,10,63,69.69,14.87,15.44,17.584541062801932
1721.0,1091.0,182.0,448.0,10,64,63.39,10.58,26.03,14.29693637077769
1611.0,1112.0,185.0,314.0,10,65,69.03,11.48,19.49,14.263685427910563
2163.0,1422.0,282.0,459.0,10,66,65.74,13.04,21.22,16.549295774647888
1980.0,1399.0,255.0,326.0,10,67,70.66,12.88,16.46,15.417170495767834
1622.0,1219.0,214.0,189.0,10,68,75.15,13.19,11.65,14.933705512909977
2272.0,1444.0,335.0,493.0,10,69,63.56,14.74,21.7,18.83080382237212
1676.0,1078.0,233.0,365.0,10,70,64.32,13.9,21.78,17.772692601067888
1828.0,1303.0,256.0,269.0,10,71,71.28,14.0,14.72,16.420782552918535
2042.0,1276.0,316.0,450.0,10,72,62.49,15.48,22.04,19.849246231155778
1512.0,978.0,272.0,262.0,10,73,64.68,17.99,17.33,21.759999999999998
1684.0,1029.0,255.0,400.0,10,74,61.1,15.14,23.75,19.859813084112147
1509.0,980.0,216.0,313.0,10,75,64.94,14.31,20.74,18.06020066889632
2183.0,1555.0,234.0,394.0,10,76,71.23,10.72,18.05,13.079932923420905
1903.0,1294.0,258.0,351.0,10,77,68.0,13.56,18.44,16.623711340206185
2376.0,1599.0,306.0,471.0,10,78,67.3,12.88,19.82,16.062992125984252
1775.0,1174.0,322.0,279.0,10,79,66.14,18.14,15.72,21.524064171122994
2494.0,1179.0,278.0,1037.0,10,80,47.27,11.15,41.58,19.080301990391217
1952.0,978.0,398.0,576.0,10,81,50.1,20.39,29.51,28.924418604651166
1894.0,735.0,215.0,944.0,10,82,38.81,11.35,49.84,22.63157894736842
2187.0,857.0,220.0,1110.0,10,83,39.19,10.06,50.75,20.42711234911792
1572.0,701.0,257.0,614.0,10,84,44.59,16.35,39.06,26.826722338204593
2069.0,926.0,324.0,819.0,10,85,44.76,15.66,39.58,25.919999999999998
1970.0,1019.0,319.0,632.0,10,86,51.73,16.19,32.08,23.84155455904335
1728.0,920.0,346.0,462.0,10,87,53.24,20.02,26.74,27.33017377567141
1464.0,898.0,366.0,200.0,10,88,61.34,25.0,13.66,28.955696202531644
2107.0,884.0,383.0,840.0,10,89,41.96,18.18,39.87,30.228887134964484
1416.0,686.0,342.0,388.0,10,90,48.45,24.15,27.4,33.26848249027237
1965.0,1012.0,503.0,450.0,10,91,51.5,25.6,22.9,33.2013201320132
1492.0,866.0,444.0,182.0,10,92,58.04,29.76,12.2,33.89312977099237
1077.0,650.0,325.0,102.0,10,93,60.35,30.18,9.47,33.33333333333333
2753.0,1564.0,360.0,829.0,10,94,56.81,13.08,30.11,18.711018711018713
1313.0,775.0,197.0,341.0,10,95,59.03,15.0,25.97,20.267489711934157
1604.0,1070.0,226.0,308.0,10,96,66.71,14.09,19.2,17.438271604938272
1567.0,1052.0,265.0,250.0,10,97,67.13,16.91,15.95,20.121488230827637
1863.0,1312.0,358.0,193.0,10,98,70.42,19.22,10.36,21.437125748502993
1110.0,766.0,181.0,163.0,10,99,69.01,16.31,14.68,19.1129883843717
1602.0,1019.0,264.0,319.0,10,100,63.61,16.48,19.91,20.576773187840995
1524.0,811.0,207.0,506.0,10,101,53.22,13.58,33.2,20.333988212180746
2556.0,1434.0,654.0,468.0,10,102,56.1,25.59,18.31,31.321839080459768
2183.0,1306.0,596.0,281.0,10,103,59.83,27.3,12.87,31.335436382754995
1648.0,1151.0,371.0,126.0,10,104,69.84,22.51,7.65,24.375821287779235
2252.0,1507.0,486.0,259.0,10,105,66.92,21.58,11.5,24.385348720521826
1007.0,623.0,241.0,143.0,10,106,61.87,23.93,14.2,27.89351851851852
1612.0,1076.0,341.0,195.0,10,107,66.75,21.15,12.1,24.064925899788285
1318.0,604.0,563.0,151.0,10,108,45.83,42.72,11.46,48.24335904027421
1543.0,889.0,380.0,274.0,10,109,57.62,24.63,17.76,29.944838455476752
1633.0,1029.0,350.0,254.0,10,110,63.01,21.43,15.55,25.380710659898476
1278.0,773.0,284.0,221.0,10,111,60.49,22.22,17.29,26.868495742667932
1551.0,981.0,406.0,164.0,10,112,63.25,26.18,10.57,29.271809661139148
1197.0,706.0,218.0,273.0,10,113,58.98,18.21,22.81,23.593073593073594
1406.0,874.0,233.0,299.0,10,114,62.16,16.57,21.27,21.04787714543812
1536.0,807.0,288.0,441.0,10,115,52.54,18.75,28.71,26.301369863013697
1856.0,822.0,582.0,452.0,10,116,44.29,31.36,24.35,41.452991452991455
1283.0,657.0,411.0,215.0,10,117,51.21,32.03,16.76,38.48314606741573
1016.0,764.0,173.0,79.0,10,118,75.2,17.03,7.78,18.463180362860193
1128.0,559.0,276.0,293.0,10,119,49.56,24.47,25.98,33.053892215568865
1468.0,805.0,279.0,384.0,10,120,54.84,19.01,26.16,25.738007380073803
1581.0,969.0,262.0,350.0,10,121,61.29,16.57,22.14,21.283509341998375
1522.0,1030.0,352.0,140.0,10,122,67.67,23.13,9.2,25.470332850940665
1402.0,812.0,373.0,217.0,10,123,57.92,26.6,15.48,31.476793248945146
1099.0,672.0,304.0,123.0,10,124,61.15,27.66,11.19,31.147540983606557
1120.0,597.0,361.0,162.0,10,125,53.3,32.23,14.46,37.682672233820455
1067.0,685.0,283.0,99.0,10,126,64.2,26.52,9.28,29.235537190082646
1017.0,692.0,217.0,108.0,10,127,68.04,21.34,10.62,23.87238723872387
1578.0,930.0,481.0,167.0,10,128,58.94,30.48,10.58,34.08929836995039
1213.0,719.0,365.0,129.0,10,129,59.27,30.09,10.63,33.67158671586716
1182.0,579.0,386.0,217.0,10,130,48.98,32.66,18.36,40.0
1197.0,723.0,372.0,102.0,10,131,60.4,31.08,8.52,33.97260273972603
1270.0,654.0,398.0,218.0,10,132,51.5,31.34,17.17,37.832699619771866
1701.0,841.0,551.0,309.0,10,133,49.44,32.39,18.17,39.58333333333333
1523.0,869.0,407.0,247.0,10,134,57.06,26.72,16.22,31.896551724137932
1230.0,613.0,406.0,211.0,10,135,49.84,33.01,17.15,39.842983316977424
1368.0,676.0,465.0,227.0,10,136,49.42,33.99,16.59,40.753724802804555
1567.0,853.0,435.0,279.0,10,137,54.44,27.76,17.8,33.773291925465834
1541.0,866.0,324.0,351.0,10,138,56.2,21.03,22.78,27.22689075630252
1620.0,727.0,495.0,398.0,10,139,44.88,30.56,24.57,40.50736497545008
1573.0,887.0,367.0,319.0,10,140,56.39,23.33,20.28,29.26634768740032
1099.0,643.0,299.0,157.0,10,141,58.51,27.21,14.29,31.740976645435243
1612.0,869.0,399.0,344.0,10,142,53.91,24.75,21.34,31.46687697160883
1746.0,969.0,394.0,383.0,10,143,55.5,22.57,21.94,28.906823184152604
1882.0,1129.0,446.0,307.0,10,234,59.99,23.7,16.31,28.31746031746032
1343.0,754.0,349.0,240.0,10,235,56.14,25.99,17.87,31.640979147778786
1636.0,929.0,441.0,266.0,10,236,56.78,26.96,16.26,32.189781021897815
926.0,581.0,229.0,116.0,10,237,62.74,24.73,12.53,28.271604938271604
