,Electors,Votants,ECP,ERC,CDC,PSC,Cs,PP,Altres,Blancs,Nuls,DTE,BARRI,NOM_BARRI,ECP_pct,ECP_pct_Electors,ERC_pct,ERC_pct_Electors,CDC_pct,CDC_pct_Electors,Cs_pct,Cs_pct_Electors,PSC_pct,PSC_pct_Electors,PP_pct,PP_pct_Electors,Indep,Indep_pct,Indep_pct_Electors,DretD,DretD_pct,DretD_pct_Electors,Union,Union_pct,Union_pct_Electors,Indep_pct_delta_20D_27S,Indep_pct_Electors_delta_20D_27S,Union_pct_delta_20D_27S,Union_pct_Electors_delta_20D_27S,ECP_pct_delta_20D_27S,ECP_pct_Electors_delta_20D_27S,Cs_pct_delta_20D_27S,Cs_pct_Electors_delta_20D_27S,PSC_pct_delta_20D_27S,PSC_pct_Electors_delta_20D_27S,PP_pct_delta_20D_27S,PP_pct_Electors_delta_20D_27S,JxSi_pct_delta_20D_27S,DretD_pct_delta_20D_27S,CUP_pct_27S,CUP_pct_Electors_27S,Participacio_pct,Participacio_pct_27S,delta_Participacio_20D_27S
0,20697,11623,3999,1464,912,2142,1177,1396,395,60,78,1,1, el Raval,34.41,19.32,12.6,7.07,7.85,4.41,10.13,5.69,18.43,10.35,12.01,6.74,2376,20.45,11.48,6375,54.86,30.8,4715,40.57,22.78,-20.970000000000002,-12.370000000000001,-0.11999999999999744,-0.6499999999999986,21.269999999999996,11.75,-4.739999999999998,-2.87,3.4499999999999993,1.7199999999999989,1.17,0.5,-8.120000000000001,0.29999999999999716,12.85,7.4,56.157897279799,57.59414427429452,-1.4362469944955194
1,7863,4830,1796,787,593,549,430,423,197,21,34,1,2, el Barri Gòtic,37.18,22.84,16.29,10.01,12.28,7.54,8.9,5.47,11.37,6.98,8.76,5.38,1380,28.57,17.55,3176,65.75,40.39,1402,29.03,17.83,-22.92,-14.91,-1.8399999999999999,-1.6400000000000006,23.47,14.2,-4.1,-2.7299999999999995,0.5299999999999994,0.14000000000000057,1.7299999999999995,0.9500000000000002,-5.740000000000002,0.5499999999999972,17.18,10.83,61.426936283861124,63.042647994907696,-1.615711711046572
2,9091,5442,1836,874,472,906,533,543,212,27,39,1,3, la Barceloneta,33.74,20.2,16.06,9.61,8.67,5.19,9.79,5.86,16.65,9.97,9.98,5.97,1346,24.729999999999997,14.8,3182,58.47,35.0,1982,36.42,21.8,-25.17,-16.900000000000002,0.740000000000002,-0.8599999999999994,23.86,13.93,-3.870000000000001,-2.8199999999999994,2.759999999999998,1.1500000000000004,1.8499999999999996,0.8099999999999996,-12.420000000000002,-1.3100000000000005,12.75,8.1,59.86140138598614,63.52450010986597,-3.663098723879827
3,11844,7534,2684,1097,812,1020,721,804,318,33,45,1,4," Sant Pere, Santa Caterina i la Ribera",35.63,22.66,14.56,9.26,10.78,6.86,9.57,6.09,13.54,8.61,10.67,6.79,1909,25.34,16.12,4593,60.97,38.78,2545,33.78,21.49,-21.709999999999997,-14.499999999999996,-0.4399999999999977,-0.7899999999999991,21.6,13.53,-4.8100000000000005,-3.2699999999999996,1.6799999999999997,0.8899999999999997,2.6899999999999995,1.5899999999999999,-7.02,-0.10999999999999766,14.69,9.56,63.61026680175616,65.08069939475453,-1.470432592998371
4,21884,16208,4053,2838,2857,1677,1991,1888,704,124,76,2,5, el Fort Pienc,25.01,18.52,17.51,12.97,17.63,13.06,12.28,9.1,10.35,7.66,11.65,8.63,5695,35.14,26.03,9748,60.150000000000006,44.55,5556,34.28,25.39,-17.729999999999997,-15.96,0.759999999999998,-1.2399999999999984,15.900000000000002,11.29,-3.790000000000001,-3.66,1.1999999999999993,0.39000000000000057,3.3499999999999996,2.030000000000001,-6.439999999999998,-1.8299999999999912,11.29,8.97,74.0632425516359,79.42815383210012,-5.364911280464227
5,36950,26976,6894,5133,4842,2998,2995,2816,1015,162,121,2,6, la Sagrada Família,25.56,18.66,19.03,13.89,17.95,13.1,11.1,8.11,11.11,8.11,10.44,7.62,9975,36.980000000000004,26.990000000000002,16869,62.540000000000006,45.650000000000006,8809,32.65,23.84,-18.349999999999994,-16.369999999999997,1.009999999999998,-0.9600000000000009,16.97,11.93,-3.4700000000000006,-3.3100000000000005,1.5999999999999996,0.6599999999999993,2.88,1.6900000000000004,-7.799999999999997,-1.379999999999992,10.55,8.26,73.00676589986467,78.36710369487486,-5.360337795010182
6,29699,22216,4791,3712,5285,1658,2767,2689,1045,164,105,2,7, la Dreta de l'Eixample,21.57,16.13,16.71,12.5,23.79,17.8,12.45,9.32,7.46,5.58,12.1,9.05,8997,40.5,30.3,13788,62.07,46.43,7114,32.01,23.950000000000003,-16.330000000000005,-15.55,1.7199999999999989,-0.4799999999999969,14.47,10.41,-2.34,-2.6099999999999994,0.05999999999999961,-0.3899999999999997,4.0,2.5200000000000005,-5.090000000000003,-1.8600000000000048,11.24,9.07,74.80386545001515,80.67175983576213,-5.867894385746979
7,29140,21430,4595,3502,4765,1816,2826,2665,1002,157,102,2,8, l'Antiga Esquerra de l'Eixample,21.44,15.77,16.34,12.02,22.24,16.35,13.19,9.7,8.47,6.23,12.44,9.15,8267,38.58,28.37,12862,60.019999999999996,44.14,7307,34.1,25.080000000000002,-16.240000000000002,-14.999999999999996,1.6700000000000017,-0.5799999999999983,14.340000000000002,10.16,-2.610000000000001,-2.8000000000000007,0.3200000000000003,-0.21999999999999975,3.959999999999999,2.4400000000000004,-6.670000000000002,-1.900000000000004,9.57,7.57,73.54152367879203,79.11123302701961,-5.569709348227576
8,42005,31035,6944,5329,6362,2970,3940,3772,1380,196,142,2,9, la Nova Esquerra de l'Eixample,22.37,16.53,17.17,12.69,20.5,15.15,12.7,9.38,9.57,7.07,12.15,8.98,11691,37.67,27.84,18635,60.040000000000006,44.370000000000005,10682,34.42,25.43,-16.709999999999994,-15.389999999999997,1.5499999999999972,-0.6999999999999993,14.560000000000002,10.32,-2.950000000000001,-3.0599999999999987,0.8200000000000003,0.1200000000000001,3.6799999999999997,2.24,-7.259999999999998,-2.149999999999989,9.45,7.51,73.88406142125937,79.50926961612605,-5.625208194866673
9,26727,19168,5023,3666,3563,2045,1892,1957,833,96,93,2,10, Sant Antoni,26.21,18.79,19.13,13.72,18.59,13.33,9.87,7.08,10.67,7.65,10.21,7.32,7229,37.72,27.05,12252,63.93,45.84,5894,30.75,22.05,-18.689999999999998,-16.430000000000003,0.9400000000000013,-0.9299999999999997,16.990000000000002,11.68,-2.92,-2.7799999999999994,1.33,0.4500000000000002,2.530000000000001,1.4000000000000004,-6.740000000000002,-1.6999999999999975,11.95,9.21,71.71773861638044,77.07335329341318,-5.355614677032733
10,24405,15663,5427,2639,1530,2252,1465,1629,533,91,97,3,11, el Poble Sec - AEI Parc Montjuïc,34.65,22.24,16.85,10.81,9.77,6.27,9.35,6.0,14.38,9.23,10.4,6.67,4169,26.62,17.08,9596,61.269999999999996,39.31999999999999,5346,34.13,21.9,-22.44,-16.300000000000004,0.19000000000000483,-1.2000000000000028,21.979999999999997,13.62,-4.210000000000001,-3.2300000000000004,2.4000000000000004,1.0700000000000003,2.0,0.96,-9.27,-0.4600000000000062,13.17,8.96,64.17947141979103,68.04970772186567,-3.8702363020746446
11,869,451,159,18,20,113,67,52,21,0,1,3,12, la Marina del Prat Vermell - AEI Zona Franca,35.25,18.3,3.99,2.07,4.43,2.3,14.86,7.71,25.06,13.0,11.53,5.98,38,8.42,4.369999999999999,197,43.67,22.67,232,51.45,26.69,-13.76,-7.770000000000001,-8.170000000000002,-5.949999999999999,21.439999999999998,10.740000000000002,-13.8,-7.9799999999999995,2.049999999999997,0.40000000000000036,3.579999999999999,1.6300000000000008,-10.409999999999998,7.6800000000000015,3.35,1.83,51.89873417721519,54.75372279495991,-2.8549886177447235
12,22023,15362,5083,1396,850,3092,2224,2100,475,75,67,3,13, la Marina de Port,33.09,23.08,9.09,6.34,5.53,3.86,14.48,10.1,20.13,14.04,13.67,9.54,2246,14.620000000000001,10.2,7329,47.71000000000001,33.28,7416,48.28,33.68,-16.029999999999998,-12.080000000000002,-2.3599999999999994,-3.1300000000000026,18.220000000000006,12.269999999999998,-8.5,-6.6,2.8099999999999987,1.4499999999999993,3.33,2.0199999999999996,-9.11,2.19000000000001,6.92,5.03,69.75434772737593,72.68139661756683,-2.9270488901909033
13,7343,5177,1599,814,581,711,665,597,143,23,44,3,14, la Font de la Guatlla,30.89,21.78,15.72,11.09,11.22,7.91,12.85,9.06,13.73,9.68,11.53,8.13,1395,26.94,19.0,2994,57.83,40.78,1973,38.11,26.87,-19.419999999999998,-15.57,-0.6900000000000048,-2.0599999999999987,19.810000000000002,13.510000000000002,-5.320000000000002,-4.49,2.01,0.9399999999999995,2.619999999999999,1.490000000000001,-7.989999999999998,0.3899999999999988,11.43,8.52,70.50251940623723,74.57788671023965,-4.075367304002427
14,10965,7648,2210,1547,1045,924,775,738,322,49,38,3,15, Hostafrancs,28.9,20.16,20.23,14.11,13.66,9.53,10.13,7.07,12.08,8.43,9.65,6.73,2592,33.89,23.64,4802,62.79,43.8,2437,31.86,22.23,-19.86,-16.459999999999994,0.25,-1.3500000000000014,18.589999999999996,12.469999999999999,-4.239999999999998,-3.6500000000000004,2.4299999999999997,1.2299999999999995,2.0600000000000005,1.0700000000000003,-7.409999999999997,-1.2700000000000014,12.45,9.29,69.74920200638395,74.6027397260274,-4.853537719643441
15,13959,10166,2897,1955,1230,1516,1071,1071,334,55,37,3,16, la Bordeta,28.5,20.75,19.23,14.01,12.1,8.81,10.54,7.67,14.91,10.86,10.54,7.67,3185,31.33,22.82,6082,59.83,43.57,3658,35.989999999999995,26.2,-19.85,-16.86,1.3099999999999952,-0.6699999999999982,18.2,12.77,-4.16,-3.7200000000000006,2.84,1.5099999999999998,2.629999999999999,1.54,-8.219999999999999,-1.6500000000000021,11.63,9.02,72.82756644458772,77.52270614317386,-4.695139698586146
16,17698,12595,3404,2116,1552,1858,1550,1569,432,54,60,3,17, Sants - Badal,27.03,19.23,16.8,11.96,12.32,8.77,12.31,8.76,14.75,10.5,12.46,8.87,3668,29.12,20.73,7072,56.150000000000006,39.96,4977,39.52,28.13,-18.209999999999997,-15.41,0.5200000000000031,-1.6600000000000001,17.520000000000003,11.97,-4.99,-4.450000000000001,2.0700000000000003,0.8100000000000005,3.4400000000000013,1.9799999999999995,-8.109999999999996,-0.6899999999999924,10.1,7.71,71.16623347270878,76.36343064041638,-5.1971971677076
17,29628,21527,5882,4556,3511,2459,2135,1983,779,116,106,3,18, Sants,27.32,19.85,21.16,15.38,16.31,11.85,9.92,7.21,11.42,8.3,9.21,6.69,8067,37.47,27.23,13949,64.78999999999999,47.08,6577,30.550000000000004,22.200000000000003,-19.650000000000006,-17.119999999999994,1.1100000000000065,-0.6599999999999966,18.15,12.73,-3.1799999999999997,-2.96,1.8599999999999994,0.870000000000001,2.4300000000000006,1.4300000000000006,-6.700000000000003,-1.5000000000000124,12.95,10.05,72.6576211691643,77.65227095945077,-4.9946497902864735
18,35458,27241,4776,4423,6066,2539,4117,3759,1225,207,129,4,19, les Corts,17.53,13.47,16.24,12.47,22.27,17.11,15.11,11.61,9.32,7.16,13.8,10.6,10489,38.51,29.58,15265,56.04,43.05,10415,38.230000000000004,29.37,-14.600000000000001,-14.64,2.6600000000000037,-0.24999999999999645,11.75,8.66,-2.710000000000001,-3.2300000000000004,0.9000000000000004,0.15000000000000036,4.470000000000001,2.83,-6.530000000000001,-2.8500000000000005,8.07,6.72,76.826104123188,83.26379883858601,-6.43769471539801
19,18331,14074,2830,2050,2439,1657,2186,2244,531,77,60,4,20, la Maternitat i Sant Ramon,20.11,15.44,14.57,11.18,17.33,13.31,15.53,11.93,11.77,9.04,15.94,12.24,4489,31.9,24.490000000000002,7319,52.01,39.93,6087,43.239999999999995,33.21,-15.220000000000006,-14.129999999999995,2.269999999999996,-0.36999999999999744,13.27,9.829999999999998,-4.520000000000001,-4.5,1.7199999999999989,0.7999999999999989,5.07,3.33,-7.950000000000003,-1.9500000000000064,7.27,5.96,76.77704435109924,81.95738651844586,-5.180342167346623
20,8242,6395,432,376,1484,249,1472,1906,410,46,20,4,21, Pedralbes,6.76,5.24,5.88,4.56,23.21,18.01,23.02,17.86,3.89,3.02,29.8,23.13,1860,29.09,22.57,2292,35.85,27.810000000000002,3627,56.71,44.01,-10.239999999999998,-10.18,7.219999999999999,2.8000000000000043,5.04,3.8100000000000005,-5.440000000000001,-5.84,-0.11999999999999966,-0.31999999999999984,12.780000000000001,8.959999999999999,-7.599999999999998,-5.199999999999997,2.64,2.2,77.59039068187333,83.26248026235879,-5.672089580485462
21,3081,2234,565,482,481,154,256,166,110,10,10,5,22," Vallvidrera, el Tibidabo i les Planes",25.29,18.34,21.58,15.64,21.53,15.61,11.46,8.31,6.89,5.0,7.43,5.39,963,43.11,31.25,1528,68.4,49.59,576,25.78,18.7,-20.510000000000005,-20.18,1.240000000000002,-1.1400000000000006,18.299999999999997,12.69,-0.8299999999999983,-1.629999999999999,-0.41999999999999993,-0.9100000000000001,2.4899999999999993,1.3999999999999995,-6.130000000000003,-2.209999999999999,14.38,11.62,72.50892567348264,80.84415584415584,-8.3352301706732
22,17163,13228,1690,1711,3587,725,2220,2192,950,102,51,5,23, Sarrià,12.78,9.85,12.93,9.97,27.12,20.9,16.78,12.93,5.48,4.22,16.57,12.77,5298,40.05,30.869999999999997,6988,52.83,40.72,5137,38.83,29.919999999999998,-14.020000000000003,-14.229999999999997,4.829999999999998,1.5700000000000003,9.079999999999998,6.76,-2.169999999999998,-2.870000000000001,0.14000000000000057,-0.23000000000000043,6.859999999999999,4.67,-7.450000000000003,-4.940000000000002,6.57,5.48,77.07277282526366,83.4050721265705,-6.332299301306847
23,11742,9304,620,590,2403,396,2142,2357,700,60,36,5,24, les Tres Torres,6.66,5.28,6.34,5.02,25.83,20.46,23.02,18.24,4.26,3.37,25.33,20.07,2993,32.17,25.48,3613,38.83,30.76,4895,52.60999999999999,41.68,-10.399999999999999,-10.760000000000002,6.54999999999999,2.460000000000001,4.91,3.79,-4.740000000000002,-5.400000000000002,0.1899999999999995,-0.08999999999999986,11.099999999999998,7.950000000000001,-7.339999999999996,-5.490000000000002,3.06,2.6,79.23692726963039,85.14421849740492,-5.907291227774536
24,18442,14064,1419,1267,3326,637,2976,2955,1305,120,59,5,25, Sant Gervasi - la Bonanova,10.09,7.69,9.01,6.87,23.65,18.03,21.16,16.14,4.53,3.45,21.01,16.02,4593,32.66,24.900000000000002,6012,42.75,32.59,6568,46.7,35.61,-13.300000000000004,-13.27,5.740000000000002,1.5899999999999963,6.96,5.09,-2.7399999999999984,-3.710000000000001,-0.35999999999999943,-0.6099999999999994,8.840000000000002,5.91,-8.550000000000004,-6.340000000000001,4.75,3.95,76.26070925062358,83.04007820136853,-6.779368950744953
25,34267,26504,2835,2367,6619,1311,5417,5855,1805,190,105,5,26, Sant Gervasi - Galvany,10.7,8.27,8.93,6.91,24.97,19.32,20.44,15.81,4.95,3.83,22.09,17.09,8986,33.9,26.23,11821,44.599999999999994,34.5,12583,47.480000000000004,36.73,-12.299999999999997,-12.45,5.560000000000002,1.6299999999999955,7.579999999999999,5.66,-3.099999999999998,-3.9000000000000004,-0.25,-0.5199999999999996,8.91,6.050000000000001,-7.289999999999999,-4.7200000000000015,5.01,4.19,77.34555111331602,83.73689283523673,-6.3913417219207105
26,21136,15964,2898,2450,4052,1075,2334,2069,887,138,61,5,27, el Putxet i el Farró,18.15,13.71,15.35,11.59,25.38,19.17,14.62,11.04,6.73,5.09,12.96,9.79,6502,40.73,30.76,9400,58.879999999999995,44.47,5478,34.31,25.919999999999998,-16.03,-16.02,4.050000000000001,0.9799999999999969,12.279999999999998,8.870000000000001,-1.6100000000000012,-2.3400000000000016,0.6000000000000005,0.040000000000000036,5.0600000000000005,3.2799999999999994,-7.240000000000002,-3.7500000000000027,8.79,7.24,75.52990158970476,82.42461596813958,-6.894714378434813
27,11406,8431,1973,1563,1681,797,1031,955,347,49,35,6,28, Vallcarca i els Penitents,23.4,17.3,18.54,13.7,19.94,14.74,12.23,9.04,9.45,6.99,11.33,8.37,3244,38.480000000000004,28.439999999999998,5217,61.88,45.739999999999995,2783,33.010000000000005,24.4,-17.14,-16.470000000000006,1.470000000000006,-1.0600000000000023,15.86,11.21,-3.34,-3.530000000000001,1.0899999999999999,0.2400000000000002,3.7199999999999998,2.2299999999999995,-6.229999999999997,-1.280000000000002,10.91,8.81,73.91723654217078,80.73442853377844,-6.8171919916076575
28,5359,3787,1064,699,489,492,476,387,137,16,27,6,29, el Coll,28.1,19.85,18.46,13.04,12.91,9.12,12.57,8.88,12.99,9.18,10.22,7.22,1188,31.37,22.159999999999997,2252,59.47,42.01,1355,35.78,25.28,-19.48,-16.53,1.0200000000000031,-1.1600000000000001,18.340000000000003,12.420000000000002,-3.129999999999999,-3.0699999999999985,1.5999999999999996,0.5199999999999996,2.5500000000000007,1.3899999999999997,-6.91,-1.1400000000000023,12.57,9.56,70.66616906139205,76.08777194298575,-5.421602881593699
29,9840,7206,1725,1444,1582,613,765,748,271,30,28,6,30, la Salut,23.94,17.53,20.04,14.67,21.95,16.08,10.62,7.77,8.51,6.23,10.38,7.6,3026,41.989999999999995,30.75,4751,65.92999999999999,48.28,2126,29.509999999999998,21.6,-17.67,-16.840000000000003,1.4099999999999966,-0.8200000000000003,16.48,11.580000000000002,-2.8900000000000006,-3.01,0.7999999999999998,0.08000000000000007,3.500000000000001,2.1099999999999994,-5.330000000000005,-1.190000000000004,12.34,9.84,73.23170731707317,79.78236550391539,-6.550658186842213
30,35292,25494,7715,6039,4610,2133,1909,1906,915,156,111,6,31, la Vila de Gràcia,30.26,21.86,23.69,17.11,18.08,13.06,7.49,5.41,8.37,6.04,7.48,5.4,10649,41.769999999999996,30.17,18364,72.03,52.03,5948,23.34,16.85,-21.659999999999997,-19.429999999999993,0.4499999999999993,-1.0499999999999972,20.660000000000004,14.36,-2.369999999999999,-2.3,0.629999999999999,-0.009999999999999787,2.1900000000000004,1.2600000000000007,-3.6400000000000006,-0.9999999999999911,18.02,14.09,72.23733424005441,78.20099536251556,-5.963661122461147
31,25793,19617,4829,4344,4010,1788,1886,1727,776,162,95,6,32, el Camp d'en Grassot i Gràcia Nova,24.62,18.72,22.14,16.84,20.44,15.55,9.61,7.31,9.11,6.93,8.8,6.7,8354,42.58,32.39,13183,67.2,51.11,5401,27.52,20.939999999999998,-18.440000000000005,-17.85,1.0700000000000003,-0.8200000000000003,16.51,12.049999999999999,-2.74,-2.8500000000000005,1.2199999999999998,0.4399999999999995,2.5900000000000007,1.5899999999999999,-5.480000000000004,-1.9299999999999997,12.96,10.67,76.05551893924708,82.32192019853426,-6.2664012592871785
32,19327,13910,3669,2649,2236,1682,1529,1458,532,79,76,7,33, el Baix Guinardó,26.38,18.98,19.04,13.71,16.07,11.57,10.99,7.91,12.09,8.7,10.48,7.54,4885,35.11,25.28,8554,61.489999999999995,44.260000000000005,4669,33.56,24.15,-18.740000000000002,-17.099999999999994,0.8100000000000023,-1.6400000000000006,17.45,11.95,-3.8599999999999994,-3.7799999999999994,1.9700000000000006,0.7299999999999995,2.7,1.4100000000000001,-6.780000000000001,-1.2900000000000063,11.96,9.41,71.97185284834687,78.71027940490384,-6.738426556556973
33,6691,4700,1375,732,661,728,576,425,154,25,24,7,34, Can Baró,29.26,20.55,15.57,10.94,14.06,9.88,12.26,8.61,15.49,10.88,9.04,6.35,1393,29.630000000000003,20.82,2768,58.89,41.370000000000005,1729,36.79,25.84,-17.15,-14.909999999999997,-0.3400000000000034,-2.5199999999999996,18.080000000000002,12.010000000000002,-4.270000000000001,-4.020000000000001,2.130000000000001,0.6800000000000015,1.799999999999999,0.8199999999999994,-6.419999999999995,0.9299999999999997,10.73,8.19,70.24361082050515,76.38951310861424,-6.145902288109085
34,26805,19128,5523,3631,2694,2289,2060,2062,673,103,93,7,35, el Guinardó,28.87,20.6,18.98,13.55,14.08,10.05,10.77,7.69,11.97,8.54,10.78,7.69,6325,33.06,23.6,11848,61.93000000000001,44.2,6411,33.519999999999996,23.92,-20.08,-17.57,0.7299999999999969,-1.4799999999999969,18.97,12.930000000000001,-3.960000000000001,-3.7199999999999998,1.6800000000000015,0.5699999999999994,3.01,1.6700000000000008,-6.919999999999995,-1.109999999999994,13.16,10.2,71.35982092893117,77.45355109379682,-6.093730164865647
35,7387,5613,1498,1034,940,629,663,585,198,37,29,7,36, la Font d'en Fargues,26.69,20.28,18.42,14.0,16.75,12.73,11.81,8.98,11.21,8.51,10.42,7.92,1974,35.17,26.73,3472,61.86,47.010000000000005,1877,33.44,25.409999999999997,-17.839999999999996,-17.439999999999994,0.8599999999999994,-1.740000000000002,16.22,11.55,-3.6099999999999994,-3.869999999999999,1.4200000000000017,0.34999999999999964,3.05,1.7800000000000002,-6.1299999999999955,-1.6199999999999992,11.71,9.76,75.98483822932178,83.31752269955278,-7.332684470231001
36,23362,16008,4930,1173,525,3916,2486,2278,525,87,88,7,37, el Carmel,30.8,21.1,7.33,5.02,3.28,2.25,15.53,10.64,24.46,16.76,14.23,9.75,1698,10.61,7.27,6628,41.41,28.37,8680,54.22,37.150000000000006,-14.36,-10.73,-3.3700000000000045,-4.36999999999999,17.68,11.64,-10.250000000000002,-7.949999999999999,3.789999999999999,1.8600000000000012,3.09,1.7200000000000006,-7.460000000000001,3.3199999999999985,6.9,4.97,68.5215306908655,72.1078536272202,-3.5863229363546907
37,8490,5878,1968,478,242,1311,831,799,197,19,33,7,38, la Teixonera,33.48,23.18,8.13,5.63,4.12,2.85,14.14,9.79,22.3,15.44,13.59,9.41,720,12.25,8.48,2688,45.73,31.66,2941,50.03,34.64,-16.38,-12.459999999999997,-3.3799999999999955,-4.43,19.049999999999997,12.62,-8.54,-6.800000000000001,2.16,0.7099999999999991,3.0,1.6600000000000001,-8.29,2.669999999999998,8.09,5.91,69.2343934040047,73.14520870076426,-3.9108152967595515
38,5153,3551,1128,380,294,659,434,472,143,24,17,7,39, Sant Genís dels Agudells,31.77,21.89,10.7,7.37,8.28,5.71,12.22,8.42,18.56,12.79,13.29,9.16,674,18.979999999999997,13.08,1802,50.75,34.97,1565,44.06999999999999,30.369999999999997,-17.67,-13.459999999999999,-1.3600000000000065,-2.520000000000003,18.54,12.32,-5.959999999999999,-4.74,2.8199999999999985,1.3899999999999988,1.7799999999999994,0.8300000000000001,-8.860000000000003,0.870000000000001,8.81,6.38,68.9113137977877,72.38372093023256,-3.4724071324448573
39,3928,2585,737,391,309,345,286,396,91,15,15,7,40, Montbau,28.51,18.76,15.13,9.95,11.95,7.87,11.06,7.28,13.35,8.78,15.32,10.08,700,27.08,17.82,1437,55.59,36.58,1027,39.730000000000004,26.14,-17.61,-14.670000000000002,1.0600000000000023,-1.9799999999999969,17.32,10.620000000000001,-4.639999999999999,-4.14,1.5999999999999996,0.2400000000000002,4.1,1.92,-6.910000000000004,-0.2899999999999938,10.7,7.78,65.80957230142566,72.71802695143657,-6.90845465001091
40,4416,3436,930,456,327,488,512,570,118,27,8,7,41, la Vall d'Hebron,27.07,21.06,13.27,10.33,9.52,7.4,14.9,11.59,14.2,11.05,16.59,12.91,783,22.79,17.73,1713,49.86,38.79,1570,45.69,35.55,-13.660000000000004,-12.32,-1.8700000000000045,-3.6700000000000017,15.84,11.799999999999999,-7.58,-6.949999999999999,2.0599999999999987,1.040000000000001,3.6500000000000004,2.24,-5.420000000000002,2.179999999999996,8.24,6.79,77.80797101449275,82.44414044687642,-4.636169432383667
41,409,271,118,45,25,33,23,19,7,1,0,7,42, la Clota,43.54,28.85,16.61,11.0,9.23,6.11,8.49,5.62,12.18,8.07,7.01,4.65,70,25.84,17.11,188,69.38,45.96,75,27.68,18.34,-19.080000000000002,-17.229999999999997,-4.789999999999999,-6.469999999999999,26.16,15.570000000000002,-4.299999999999999,-4.1499999999999995,-2.25,-2.959999999999999,1.7599999999999998,0.6400000000000006,-5.640000000000001,7.079999999999995,13.44,10.28,66.25916870415648,76.44110275689223,-10.181934052735755
42,20470,14942,4301,2408,1735,2299,1628,1816,535,110,110,7,43, Horta,28.78,21.01,16.12,11.76,11.61,8.48,10.9,7.95,15.39,11.23,12.15,8.87,4143,27.73,20.240000000000002,8444,56.510000000000005,41.25,5743,38.44,28.05,-18.389999999999997,-15.689999999999998,0.14000000000000057,-1.7899999999999956,17.78,12.440000000000001,-5.589999999999998,-4.8999999999999995,2.6799999999999997,1.33,3.0500000000000007,1.7799999999999994,-7.069999999999997,-0.6099999999999923,11.32,8.82,72.99462628236444,77.91192140378318,-4.917295121418746
43,19285,14273,4010,1897,1391,2349,1915,2044,500,82,85,8,44, Vilapicina i la Torre Llobeta,28.1,20.79,13.29,9.84,9.75,7.21,13.42,9.93,16.46,12.18,14.32,10.6,3288,23.04,17.05,7298,51.14,37.84,6308,44.2,32.71,-17.1,-14.2,-0.8699999999999974,-2.3800000000000026,17.69,12.68,-6.610000000000001,-5.66,1.950000000000001,0.879999999999999,3.790000000000001,2.4000000000000004,-7.609999999999999,0.5899999999999999,9.49,7.39,74.01088929219601,77.86524418664871,-3.8543548944526975
44,18228,12960,3821,1302,875,2565,1801,2048,431,62,55,8,45, Porta,29.48,20.96,10.05,7.14,6.75,4.8,13.9,9.88,19.79,14.07,15.8,11.24,2177,16.8,11.94,5998,46.28,32.9,6414,49.49,35.19,-15.749999999999996,-12.230000000000002,-1.779999999999994,-2.8800000000000026,17.35,11.96,-7.889999999999999,-6.299999999999999,2.41,1.1600000000000001,3.700000000000001,2.26,-7.75,1.6000000000000032,8.0,5.94,71.09940750493746,74.26292629262926,-3.1635187876917996
45,10502,6739,2077,669,402,1434,887,949,224,61,36,8,46, el Turó de la Peira,30.82,19.78,9.93,6.37,5.97,3.83,13.16,8.45,21.28,13.65,14.08,9.04,1071,15.899999999999999,10.2,3148,46.72,29.98,3270,48.52,31.14,-16.54,-11.66,-1.8699999999999974,-2.8100000000000023,17.91,11.080000000000002,-7.149999999999999,-5.23,3.030000000000001,1.3499999999999996,2.25,1.0699999999999994,-8.490000000000002,1.370000000000001,8.05,5.42,64.1687297657589,67.38675295013323,-3.2180231843743314
46,1756,1027,358,120,56,222,129,89,36,8,9,8,47, Can Peguera,34.86,20.39,11.68,6.83,5.45,3.19,12.56,7.35,21.62,12.64,8.67,5.07,176,17.13,10.02,534,51.989999999999995,30.41,440,42.85,25.060000000000002,-16.630000000000006,-11.05,-2.490000000000002,-3.25,18.84,10.39,-7.35,-5.08,2.9800000000000004,1.0,1.88,0.8300000000000001,-6.130000000000003,2.20999999999999,10.5,6.55,58.48519362186788,62.42937853107344,-3.9441849092055605
47,11970,8977,2680,880,594,1622,1352,1468,293,53,35,8,48, la Guineueta,29.85,22.39,9.8,7.35,6.62,4.96,15.06,11.29,18.07,13.55,16.35,12.26,1474,16.42,12.309999999999999,4154,46.27,34.7,4442,49.480000000000004,37.099999999999994,-15.669999999999995,-12.810000000000002,-1.3999999999999986,-2.710000000000001,16.950000000000003,12.290000000000001,-6.83,-5.84,2.2200000000000006,1.1500000000000004,3.210000000000001,1.9800000000000004,-8.069999999999997,1.2800000000000065,7.6,5.95,74.99582289055974,78.2743067156699,-3.2784838251101576
48,5725,4359,1547,289,137,909,721,605,102,22,27,8,49, Canyelles,35.49,27.02,6.63,5.05,3.14,2.39,16.54,12.59,20.85,15.88,13.88,10.57,426,9.77,7.4399999999999995,1973,45.260000000000005,34.46,2235,51.27,39.04,-14.32,-11.47,-5.710000000000001,-5.690000000000005,20.370000000000005,15.15,-8.7,-7.23,0.6500000000000021,0.030000000000001137,2.3400000000000016,1.5099999999999998,-7.870000000000001,6.050000000000006,6.45,5.06,76.13973799126637,78.50532565042779,-2.36558765916142
49,10372,6678,2283,329,134,1808,1000,881,185,24,34,8,50, les Roquetes,34.19,22.01,4.93,3.17,2.01,1.29,14.97,9.64,27.07,17.43,13.19,8.49,463,6.9399999999999995,4.46,2746,41.129999999999995,26.470000000000002,3689,55.230000000000004,35.56,-12.74,-8.649999999999999,-5.539999999999992,-4.919999999999995,18.79,11.750000000000002,-11.299999999999999,-7.859999999999999,4.16,2.17,1.5999999999999996,0.7700000000000005,-7.120000000000001,6.049999999999995,5.62,3.74,64.38488237562669,66.60877954655089,-2.2238971709242037
50,8645,5759,1882,351,184,1319,860,903,199,27,34,8,51, Verdun,32.68,21.77,6.09,4.06,3.19,2.13,14.93,9.95,22.9,15.26,15.68,10.45,535,9.28,6.1899999999999995,2417,41.96,27.96,3082,53.51,35.66,-14.44,-10.22,-2.8300000000000054,-3.3200000000000074,17.14,11.02,-9.09,-6.670000000000002,3.1499999999999986,1.5999999999999996,3.1099999999999994,1.75,-7.880000000000001,2.700000000000003,6.56,4.54,66.61654135338345,69.1961191961192,-2.5795778427357448
51,19470,13909,4527,967,516,3088,2036,2199,404,83,89,8,52, la Prosperitat,32.55,23.25,6.95,4.97,3.71,2.65,14.64,10.46,22.2,15.86,15.81,11.29,1483,10.66,7.619999999999999,6010,43.209999999999994,30.869999999999997,7323,52.650000000000006,37.61,-13.379999999999999,-10.26,-2.809999999999995,-3.6200000000000045,15.629999999999995,10.67,-9.36,-7.379999999999999,3.349999999999998,1.8399999999999999,3.200000000000001,1.92,-6.919999999999998,2.249999999999993,6.46,4.81,71.43810991268619,74.35355928711239,-2.9154493744262027
52,5032,2908,1056,174,100,696,376,380,93,11,22,8,53, la Trinitat Nova,36.31,20.99,5.98,3.46,3.44,1.99,12.93,7.47,23.93,13.83,13.07,7.55,274,9.42,5.45,1330,45.730000000000004,26.439999999999998,1452,49.93,28.85,-16.65,-10.18,-4.130000000000003,-3.549999999999997,21.150000000000002,11.899999999999999,-8.690000000000001,-5.490000000000001,2.370000000000001,0.9100000000000001,2.1899999999999995,1.0300000000000002,-9.83,4.5000000000000036,6.82,4.09,57.790143084260734,59.936783879889376,-2.1466407956286417
53,1830,1004,333,46,15,262,147,163,28,6,4,8,54, Torre Baró,33.17,18.2,4.58,2.51,1.49,0.82,14.64,8.03,26.1,14.32,16.24,8.91,61,6.07,3.3299999999999996,394,39.24,21.529999999999998,572,56.980000000000004,31.259999999999998,-12.349999999999998,-7.43,-5.61999999999999,-5.32,17.85,9.25,-10.739999999999998,-6.800000000000001,2.0400000000000027,0.2599999999999998,3.0799999999999983,1.2199999999999998,-6.709999999999999,5.5000000000000036,5.64,3.29,54.86338797814208,58.429434376716095,-3.5660463985740165
54,6022,3797,1126,145,71,1149,562,578,109,27,30,8,55, Ciutat Meridiana,29.65,18.7,3.82,2.41,1.87,1.18,14.8,9.33,30.26,19.08,15.22,9.6,216,5.6899999999999995,3.59,1342,35.339999999999996,22.29,2289,60.28,38.01,-9.64,-6.15,-4.8799999999999955,-3.3800000000000026,14.939999999999998,9.36,-10.899999999999999,-6.99,4.75,2.8699999999999974,1.2700000000000014,0.7400000000000002,-5.24,5.299999999999997,4.4,2.79,63.052142145466625,63.5191003803539,-0.4669582348872723
55,920,539,219,35,8,122,64,64,23,2,2,8,56, Vallbona,40.63,23.8,6.49,3.8,1.48,0.87,11.87,6.96,22.63,13.26,11.87,6.96,43,7.970000000000001,4.67,262,48.6,28.47,250,46.37,27.18,-15.76,-9.64,-9.240000000000002,-6.369999999999997,25.230000000000004,14.510000000000002,-10.770000000000001,-6.7,3.25,1.5700000000000003,-1.7200000000000006,-1.2399999999999993,-9.24,9.47,6.52,3.93,58.58695652173913,60.32786885245902,-1.7409123307198868
56,5890,3746,1163,201,118,1023,587,481,128,29,16,9,57, la Trinitat Vella,31.05,19.75,5.37,3.41,3.15,2.0,15.67,9.97,27.31,17.37,12.84,8.17,319,8.52,5.41,1482,39.57,25.16,2091,55.81999999999999,35.510000000000005,-12.650000000000002,-8.52,-6.38000000000001,-5.409999999999997,18.18,11.28,-10.950000000000001,-7.540000000000001,3.009999999999998,1.3800000000000008,1.5600000000000005,0.75,-8.32,5.529999999999999,4.33,2.85,63.59932088285229,65.77476714648603,-2.175446263633738
57,1765,1040,432,87,11,225,119,123,28,7,8,9,58, Baró de Viver,41.54,24.48,8.37,4.93,1.06,0.62,11.44,6.74,21.63,12.75,11.83,6.97,98,9.43,5.55,530,50.97,30.03,467,44.9,26.46,-17.94,-11.279999999999998,-9.100000000000001,-6.740000000000002,27.439999999999998,15.81,-11.139999999999999,-7.140000000000001,0.6199999999999974,-0.16999999999999993,1.42,0.5699999999999994,-12.41,9.499999999999998,5.53,3.4,58.92351274787536,61.47308781869688,-2.5495750708215255
58,8722,5845,2133,536,282,1201,790,667,179,30,27,9,59, el Bon Pastor,36.49,24.46,9.17,6.15,4.82,3.23,13.52,9.06,20.55,13.77,11.41,7.65,818,13.99,9.38,2951,50.480000000000004,33.84,2658,45.480000000000004,30.48,-17.839999999999996,-13.249999999999998,-2.769999999999996,-3.8199999999999967,20.430000000000003,13.040000000000001,-7.490000000000002,-5.879999999999999,3.539999999999999,1.6799999999999997,1.1799999999999997,0.3800000000000008,-10.139999999999999,2.590000000000007,7.7,5.47,67.01444622792937,71.10296644141565,-4.088520213486277
59,44464,33965,10128,5798,3793,4957,4368,3553,1055,176,137,9,60, Sant Andreu,29.82,22.78,17.07,13.04,11.17,8.53,12.86,9.82,14.59,11.15,10.46,7.99,9591,28.240000000000002,21.57,19719,58.06,44.35,12878,37.91,28.96,-18.379999999999995,-16.240000000000002,0.20999999999999375,-1.639999999999997,18.17,13.330000000000002,-4.609999999999999,-4.359999999999999,2.379999999999999,1.2400000000000002,2.4400000000000013,1.4800000000000004,-7.019999999999996,-0.20999999999999552,11.36,9.21,76.387639438647,81.12613321935528,-4.738493780708282
60,21988,16630,4885,2414,1514,2624,2256,2204,564,90,79,9,61, la Sagrera,29.37,22.22,14.52,10.98,9.1,6.89,13.57,10.26,15.78,11.93,13.25,10.02,3928,23.619999999999997,17.87,8813,52.989999999999995,40.09,7084,42.6,32.21,-19.4,-15.779999999999998,0.38000000000000256,-0.8099999999999952,18.64,13.829999999999998,-5.57,-4.710000000000001,2.42,1.4800000000000004,3.5299999999999994,2.42,-9.130000000000003,-0.7600000000000016,10.27,8.03,75.6321629979989,78.2036091870215,-2.571446189022595
61,10461,7616,2315,1340,995,1042,832,757,262,45,28,9,62, el Congrés i els Indians,30.4,22.13,17.59,12.81,13.06,9.51,10.92,7.95,13.68,9.96,9.94,7.24,2335,30.65,22.32,4650,61.05,44.45,2631,34.54,25.150000000000002,-20.720000000000006,-17.690000000000005,0.46999999999999886,-1.389999999999997,20.339999999999996,14.29,-4.380000000000001,-3.9699999999999998,2.34,1.1300000000000008,2.51,1.4500000000000002,-8.550000000000004,-0.3800000000000079,12.17,9.48,72.80374725169678,77.89765132709566,-5.093904075398882
62,16457,12324,3368,2004,1765,1620,1557,1407,467,74,62,9,63, Navas,27.33,20.47,16.26,12.18,14.32,10.72,12.63,9.46,13.15,9.84,11.42,8.55,3769,30.580000000000002,22.9,7137,57.91,43.37,4584,37.2,27.85,-18.040000000000003,-15.899999999999999,0.13000000000000256,-1.7299999999999969,17.549999999999997,12.669999999999998,-3.9000000000000004,-3.7299999999999986,1.450000000000001,0.5099999999999998,2.58,1.490000000000001,-8.489999999999998,-0.4900000000000073,9.55,7.62,74.88606671932916,79.79945305378304,-4.913386334453875
63,28145,20508,5593,4037,3158,2584,2153,1988,742,146,107,10,64, el Camp de l'Arpa del Clot,27.27,19.87,19.69,14.34,15.4,11.22,10.5,7.65,12.6,9.18,9.69,7.06,7195,35.09,25.560000000000002,12788,62.36,45.43000000000001,6725,32.79,23.89,-19.71,-17.17,0.9699999999999989,-0.9200000000000017,17.939999999999998,12.600000000000001,-3.4700000000000006,-3.24,1.8399999999999999,0.7899999999999991,2.5999999999999996,1.5299999999999994,-8.219999999999999,-1.770000000000005,11.49,8.96,72.86551785397052,77.9765708200213,-5.111052966050778
64,19777,14730,4370,2553,1657,2035,1899,1540,506,109,61,10,65, el Clot,29.67,22.1,17.33,12.91,11.25,8.38,12.89,9.6,13.82,10.29,10.45,7.79,4210,28.58,21.29,8580,58.25,43.39,5474,37.16,27.68,-18.770000000000003,-16.190000000000005,-0.3500000000000014,-2.0,19.050000000000004,13.700000000000001,-4.609999999999999,-4.25,1.6500000000000004,0.6599999999999984,2.6099999999999994,1.5899999999999999,-7.920000000000002,0.27999999999999936,10.85,8.59,74.48045709662739,79.1350531107739,-4.654596014146506
65,10108,7462,2263,1278,875,941,892,872,267,45,29,10,66, el Parc i la Llacuna del Poblenou,30.33,22.39,17.13,12.64,11.73,8.66,11.95,8.82,12.61,9.31,11.69,8.63,2153,28.86,21.3,4416,59.19,43.69,2705,36.25,26.760000000000005,-18.880000000000003,-16.039999999999996,-0.4199999999999946,-1.9099999999999966,18.779999999999998,13.350000000000001,-4.52,-4.0600000000000005,0.8499999999999996,0.120000000000001,3.25,2.030000000000001,-6.810000000000002,-0.10000000000000497,12.07,9.44,73.82271468144044,78.21057834898664,-4.387863667546199
66,6192,5022,1348,923,862,496,768,401,163,42,19,10,67, la Vila Olímpica del Poblenou,26.84,21.77,18.38,14.91,17.16,13.92,15.29,12.4,9.88,8.01,7.98,6.48,1785,35.54,28.83,3133,62.379999999999995,50.599999999999994,1665,33.15,26.89,-18.060000000000002,-16.85,-0.19999999999999574,-1.5199999999999996,17.71,13.989999999999998,-1.8200000000000003,-2.1799999999999997,-0.6399999999999988,-0.9500000000000011,2.2600000000000007,1.6100000000000003,-6.990000000000002,-0.35000000000000675,11.07,9.43,81.1046511627907,85.2224748294901,-4.117823666699394
67,22672,16525,5374,3473,2288,1868,1724,1105,517,100,76,10,68, el Poblenou,32.52,23.7,21.02,15.32,13.85,10.09,10.43,7.6,11.3,8.24,6.69,4.87,5761,34.87,25.41,11135,67.39,49.11,4697,28.42,20.71,-21.93,-19.06,0.6600000000000001,-1.0199999999999996,21.010000000000005,14.69,-2.700000000000001,-2.6799999999999997,1.5700000000000003,0.6200000000000001,1.79,1.04,-8.29,-0.9199999999999964,13.64,10.68,72.88726182074807,78.2913597671239,-5.404097946375828
68,8622,6516,2093,946,712,823,1012,635,229,36,30,10,69, Diagonal Mar i el Front Marítim del Poblenou,32.12,24.28,14.52,10.97,10.93,8.26,15.53,11.74,12.63,9.55,9.75,7.36,1658,25.45,19.23,3751,57.56999999999999,43.510000000000005,2470,37.910000000000004,28.650000000000002,-19.750000000000004,-17.580000000000002,-0.19999999999999574,-2.3699999999999974,19.209999999999997,13.770000000000001,-3.660000000000002,-3.879999999999999,0.7000000000000011,-0.16000000000000014,2.76,1.67,-9.84,-0.5400000000000098,9.91,8.07,75.5741127348643,81.42641421767918,-5.85230148281488
69,14540,9445,3081,710,394,2238,1307,1280,326,55,54,10,70, el Besòs i el Maresme,32.62,21.19,7.52,4.88,4.17,2.71,13.84,8.99,23.7,15.39,13.55,8.8,1104,11.69,7.59,4185,44.309999999999995,28.78,4825,51.09,33.18,-15.270000000000001,-10.530000000000001,-3.5900000000000034,-3.5899999999999963,18.619999999999997,11.770000000000001,-8.05,-5.73,3.1899999999999977,1.6000000000000014,1.2700000000000014,0.5400000000000009,-8.97,3.3499999999999943,6.3,4.23,64.95873452544704,67.23629126346853,-2.277556738021488
70,14853,10907,3539,1553,939,1780,1525,1084,373,64,50,10,71, Provençals del Poblenou,32.45,23.83,14.24,10.46,8.61,6.32,13.98,10.27,16.32,11.98,9.94,7.3,2492,22.85,16.78,6031,55.300000000000004,40.61,4389,40.24,29.55,-19.090000000000003,-15.89,-0.8999999999999986,-2.4899999999999984,19.830000000000005,13.999999999999998,-5.259999999999998,-4.710000000000001,2.4800000000000004,1.200000000000001,1.879999999999999,1.0199999999999996,-9.420000000000002,0.7400000000000002,9.67,7.54,73.43297650306336,77.8872099298435,-4.454233426780135
71,19897,14825,4471,1771,1170,2546,1969,2258,493,77,70,10,72, Sant Martí de Provençals,30.16,22.47,11.95,8.9,7.89,5.88,13.28,9.9,17.17,12.8,15.23,11.35,2941,19.84,14.780000000000001,7412,50.0,37.25,6773,45.68,34.05,-16.720000000000002,-13.729999999999997,-1.3200000000000003,-2.5800000000000054,17.83,12.86,-7.110000000000001,-5.99,2.110000000000001,1.0600000000000005,3.6799999999999997,2.3499999999999996,-8.89,1.1099999999999977,7.83,6.11,74.50871990752374,77.95453404927987,-3.4458141417561308
72,22155,16183,4781,1264,740,3406,2494,2791,558,73,76,10,73, la Verneda i la Pau,29.54,21.58,7.81,5.71,4.57,3.34,15.41,11.26,21.05,15.37,17.25,12.6,2004,12.379999999999999,9.05,6785,41.92,30.63,8691,53.709999999999994,39.23,-14.18,-11.04,-3.0400000000000063,-3.700000000000003,16.92,12.029999999999998,-8.93,-7.15,2.629999999999999,1.4399999999999995,3.26,2.01,-8.46,2.7400000000000038,5.72,4.33,73.04445948995712,75.63587079286198,-2.5914113029048593
